E_half_s0,E_half_s1,E_half_s2,Epa_s0,Epa_s1,Epa_s2,Epc_s0,Epc_s1,Epc_s2,dEp_s0,dEp_s1,dEp_s2,day,disconnect,drift_1,drift_2,envelope_s0,envelope_s1,envelope_s2,group,i_vertex_neg_s0,i_vertex_neg_s1,i_vertex_neg_s2,i_vertex_pos_s0,i_vertex_pos_s1,i_vertex_pos_s2,ip_ratio_s0,ip_ratio_s1,ip_ratio_s2,ipa_s0,ipa_s1,ipa_s2,ipc_s0,ipc_s1,ipc_s2,n_scans_parsed,polished,potential_nominal,substance
nan,nan,nan,nan,nan,nan,nan,nan,nan,nan,nan,nan,Y,none,1.1375185153932667e-07,1.388212403692603e-07,6.248678161904762e-07,6.342736580952381e-07,6.486327465800865e-07,1,-1.762297e-06,-1.519921e-06,-1.414985e-06,7.63671e-07,7.92982e-07,8.14119e-07,nan,nan,nan,nan,nan,nan,nan,nan,nan,3,False,0.0,tapwater
nan,nan,nan,nan,nan,nan,nan,nan,nan,nan,nan,nan,Y,none,8.844833901733394e-08,9.187801221517923e-08,6.451257457142856e-07,6.555840185714287e-07,6.67729432987013e-07,2,-1.354955e-06,-1.302252e-06,-1.265614e-06,8.1891e-07,8.22574e-07,8.28962e-07,nan,nan,nan,nan,nan,nan,nan,nan,nan,3,False,0.1,tapwater
nan,nan,nan,nan,nan,nan,nan,nan,nan,nan,nan,nan,Y,none,9.08185969942339e-08,9.279024187463281e-08,6.632734733333333e-07,6.702979795238096e-07,6.794271072727271e-07,3,-1.234707e-06,-1.200041e-06,-1.174395e-06,8.27177e-07,8.30747e-07,8.36478e-07,nan,nan,nan,nan,nan,nan,nan,nan,nan,3,False,0.2,tapwater
nan,nan,nan,nan,nan,nan,nan,nan,nan,nan,nan,nan,Y,none,9.147287500449034e-08,9.308770849316615e-08,6.710293347619048e-07,6.771513428571429e-07,6.838845206060605e-07,4,-1.15166e-06,-1.12808e-06,-1.106473e-06,8.36572e-07,8.36384e-07,8.33941e-07,nan,nan,nan,nan,nan,nan,nan,nan,nan,3,False,0.3,tapwater
nan,nan,nan,nan,nan,nan,nan,nan,nan,nan,nan,nan,Y,none,9.217082684488792e-08,9.36198508814592e-08,6.753435795238094e-07,6.816110395238095e-07,6.876946912121212e-07,5,-1.083645e-06,-1.064574e-06,-1.046255e-06,8.31874e-07,8.31593e-07,8.30465e-07,nan,nan,nan,nan,nan,nan,nan,nan,nan,3,False,0.4,tapwater
nan,nan,nan,nan,nan,nan,nan,nan,nan,nan,nan,nan,Y,none,1.0444965193313111e-07,1.1932801945483217e-07,7.108606238095238e-07,7.499709714285714e-07,7.79401670995671e-07,6,-1.537676e-06,-1.468815e-06,-1.464024e-06,6.44832e-07,6.87294e-07,7.12565e-07,nan,nan,nan,nan,nan,nan,nan,nan,nan,3,False,0.0,blank
nan,nan,nan,nan,nan,nan,nan,nan,nan,nan,nan,nan,Y,none,1.0894022185960616e-07,1.1306345907505828e-07,7.737313142857143e-07,7.828151571428572e-07,7.968451428571429e-07,7,-1.453409e-06,-1.463461e-06,-1.459609e-06,7.21302e-07,7.32388e-07,7.42909e-07,nan,nan,nan,nan,nan,nan,nan,nan,nan,3,False,0.1,blank
nan,nan,nan,nan,nan,nan,nan,nan,nan,nan,nan,nan,Y,none,1.0983236170045694e-07,1.1232081143061284e-07,7.819644047619048e-07,7.867941761904762e-07,7.979908961038961e-07,8,-1.455851e-06,-1.457824e-06,-1.46036e-06,7.39809e-07,7.47231e-07,7.50049e-07,nan,nan,nan,nan,nan,nan,nan,nan,nan,3,False,0.2,blank
nan,nan,nan,nan,nan,nan,nan,nan,nan,nan,nan,nan,Y,none,1.098106832929059e-07,1.1159619944375197e-07,7.816726333333333e-07,7.846007619047618e-07,7.948238614718615e-07,9,-1.455851e-06,-1.460266e-06,-1.455475e-06,7.44506e-07,7.49861e-07,7.54558e-07,nan,nan,nan,nan,nan,nan,nan,nan,nan,3,False,0.3,blank
nan,nan,nan,nan,nan,nan,nan,nan,nan,nan,nan,nan,Y,none,1.0956885486926868e-07,1.1120547031858638e-07,7.785972904761904e-07,7.814656285714286e-07,7.915820346320346e-07,10,-1.453972e-06,-1.457354e-06,-1.456227e-06,7.48076e-07,7.49204e-07,7.5484e-07,nan,nan,nan,nan,nan,nan,nan,nan,nan,3,False,0.4,blank
nan,nan,nan,nan,nan,nan,nan,nan,nan,nan,nan,nan,Y,none,2.048282560725997e-07,2.2154920652064362e-07,1.3000097761904763e-06,1.2934203904761905e-06,1.2949951155844157e-06,11,-1.879069e-06,-1.768403e-06,-1.743414e-06,2.668012e-06,2.668951e-06,2.674588e-06,nan,nan,nan,nan,nan,nan,nan,nan,nan,3,False,0.0,sample
nan,nan,nan,nan,nan,nan,nan,nan,nan,nan,nan,nan,Y,none,1.8993573923410505e-07,1.9705519941899514e-07,1.3125384666666667e-06,1.2999373142857142e-06,1.2956680436796537e-06,12,-1.644303e-06,-1.700763e-06,-1.694845e-06,2.695255e-06,2.681164e-06,2.677406e-06,nan,nan,nan,nan,nan,nan,nan,nan,nan,3,False,0.1,sample
nan,nan,nan,nan,nan,nan,nan,nan,nan,nan,nan,nan,Y,none,1.8928713337393746e-07,1.950880404602317e-07,1.310552619047619e-06,1.2959694404761906e-06,1.2912458880952379e-06,13,-1.606162e-06,-1.669856e-06,-1.667319e-06,2.691498e-06,2.674588e-06,2.672709e-06,nan,nan,nan,nan,nan,nan,nan,nan,nan,3,False,0.2,sample
nan,nan,nan,nan,nan,nan,nan,nan,nan,nan,nan,nan,Y,none,1.8861481735722455e-07,1.9427446168227425e-07,1.3056219523809523e-06,1.2905479742857139e-06,1.2857544647619047e-06,14,-1.585306e-06,-1.648718e-06,-1.650221e-06,2.686801e-06,2.67083e-06,2.663314e-06,nan,nan,nan,nan,nan,nan,nan,nan,nan,3,False,0.3,sample
nan,nan,nan,nan,nan,nan,nan,nan,nan,nan,nan,nan,Y,none,1.8801051619482112e-07,1.9374343356682465e-07,1.3004108047619045e-06,1.2855569147619049e-06,1.2806937367965367e-06,15,-1.569523e-06,-1.634627e-06,-1.635472e-06,2.682103e-06,2.666133e-06,2.660496e-06,nan,nan,nan,nan,nan,nan,nan,nan,nan,3,False,0.4,sample
nan,nan,nan,nan,nan,nan,nan,nan,nan,nan,nan,nan,Y,none,1.5903581530350743e-07,1.666027826015415e-07,1.2732018595238094e-06,1.2637264900000002e-06,1.2626716596103895e-06,16,-1.958734e-06,-1.790104e-06,-1.735053e-06,2.544006e-06,2.57031e-06,2.588159e-06,nan,nan,nan,nan,nan,nan,nan,nan,nan,3,False,0.0,sample
nan,nan,nan,nan,nan,nan,nan,nan,nan,nan,nan,nan,Y,none,1.820436349093823e-07,1.8588157290870524e-07,1.2809682404761904e-06,1.268391933809524e-06,1.2648738895238098e-06,17,-1.621474e-06,-1.668916e-06,-1.657925e-06,2.628555e-06,2.614463e-06,2.613524e-06,nan,nan,nan,nan,nan,nan,nan,nan,nan,3,False,0.1,sample
nan,nan,nan,nan,nan,nan,nan,nan,nan,nan,nan,nan,Y,none,1.8411838363531928e-07,1.891055191618301e-07,1.281640266666667e-06,1.267967838095238e-06,1.2640651501298702e-06,18,-1.574221e-06,-1.634157e-06,-1.632748e-06,2.641707e-06,2.630434e-06,2.626676e-06,nan,nan,nan,nan,nan,nan,nan,nan,nan,3,False,0.2,sample
nan,nan,nan,nan,nan,nan,nan,nan,nan,nan,nan,nan,Y,none,1.846162799214878e-07,1.9000542595631435e-07,1.2807896190476192e-06,1.2667376361904761e-06,1.2625343723376624e-06,19,-1.549889e-06,-1.613489e-06,-1.614711e-06,2.645465e-06,2.630434e-06,2.625737e-06,nan,nan,nan,nan,nan,nan,nan,nan,nan,3,False,0.3,sample
nan,nan,nan,nan,nan,nan,nan,nan,nan,nan,nan,nan,Y,none,1.8466529614887417e-07,1.9028239978349338e-07,1.279170361904762e-06,1.2648196995238096e-06,1.2608361783982683e-06,20,-1.534482e-06,-1.602028e-06,-1.603437e-06,2.646404e-06,2.632313e-06,2.626676e-06,nan,nan,nan,nan,nan,nan,nan,nan,nan,3,False,0.4,sample
nan,nan,nan,nan,nan,nan,nan,nan,nan,nan,nan,nan,Y,none,1.0913473044893743e-07,1.1839081472932475e-07,6.242690285714285e-07,6.492914523809524e-07,6.720101298701299e-07,21,-1.595828e-06,-1.405497e-06,-1.377032e-06,5.52673e-07,5.9025e-07,6.13454e-07,nan,nan,nan,nan,nan,nan,nan,nan,nan,3,False,0.0,blank
nan,nan,nan,nan,nan,nan,nan,nan,nan,nan,nan,nan,Y,none,9.172454305173354e-08,9.667959355011421e-08,6.684956571428571e-07,6.797789333333333e-07,6.945937922077922e-07,22,-1.360968e-06,-1.362565e-06,-1.359934e-06,6.26043e-07,6.36471e-07,6.46711e-07,nan,nan,nan,nan,nan,nan,nan,nan,nan,3,False,0.1,blank
nan,nan,nan,nan,nan,nan,nan,nan,nan,nan,nan,nan,Y,none,9.401686438492184e-08,9.742864852621118e-08,6.850494666666667e-07,6.924813428571428e-07,7.051946147186147e-07,23,-1.359652e-06,-1.363786e-06,-1.361249e-06,6.48308e-07,6.54414e-07,6.60426e-07,nan,nan,nan,nan,nan,nan,nan,nan,nan,3,False,0.2,blank
nan,nan,nan,nan,nan,nan,nan,nan,nan,nan,nan,nan,Y,none,9.540299020295745e-08,9.824575000830588e-08,6.936750238095237e-07,7.000878619047618e-07,7.116091168831169e-07,24,-1.364631e-06,-1.366041e-06,-1.367544e-06,6.55635e-07,6.64842e-07,6.68694e-07,nan,nan,nan,nan,nan,nan,nan,nan,nan,3,False,0.3,blank
nan,nan,nan,nan,nan,nan,nan,nan,nan,nan,nan,nan,Y,none,9.64416352714801e-08,9.901299159454219e-08,6.998005047619046e-07,7.056182095238096e-07,7.167790346320346e-07,25,-1.364631e-06,-1.368577e-06,-1.369516e-06,6.62305e-07,6.70572e-07,6.73297e-07,nan,nan,nan,nan,nan,nan,nan,nan,nan,3,False,0.4,blank
nan,nan,nan,nan,nan,nan,nan,nan,nan,nan,nan,nan,Y,none,1.1196884310039724e-07,1.6614395396156196e-07,2.8449232209523804e-07,3.0478020547619044e-07,3.2486912583116884e-07,26,-2.588159e-06,-2.292893e-06,-2.157707e-06,6.74894e-07,6.65781e-07,6.48965e-07,nan,nan,nan,nan,nan,nan,nan,nan,nan,3,True,0.0,blank
nan,nan,nan,nan,nan,nan,nan,nan,nan,nan,nan,nan,Y,none,5.012324646440797e-08,6.067787596983264e-08,3.241436788095239e-07,3.3462075566666665e-07,3.489975972207793e-07,27,-2.144649e-06,-2.054557e-06,-2.017073e-06,6.28673e-07,6.22003e-07,6.1383e-07,nan,nan,nan,nan,nan,nan,nan,nan,nan,3,True,0.1,blank
nan,nan,nan,nan,nan,nan,nan,nan,nan,nan,nan,nan,Y,none,4.6769286818687365e-08,5.2380655041639925e-08,3.450413987142857e-07,3.539883517619047e-07,3.672942437445888e-07,28,-2.056811e-06,-1.990581e-06,-1.964276e-06,6.05375e-07,6.01336e-07,6.03308e-07,nan,nan,nan,nan,nan,nan,nan,nan,nan,3,True,0.2,blank
nan,nan,nan,nan,nan,nan,nan,nan,nan,nan,nan,nan,Y,none,4.654933048888243e-08,5.112116375746329e-08,3.626758201904762e-07,3.7094306276190476e-07,3.8290499465800874e-07,29,-2.011249e-06,-1.955915e-06,-1.928296e-06,5.98142e-07,5.95981e-07,5.98987e-07,nan,nan,nan,nan,nan,nan,nan,nan,nan,3,True,0.3,blank
nan,nan,nan,nan,nan,nan,nan,nan,nan,nan,nan,nan,Y,none,4.709153544577516e-08,5.08133122064697e-08,3.7750122509523804e-07,3.858862306666667e-07,3.9731463616883123e-07,30,-1.976771e-06,-1.932617e-06,-1.906031e-06,5.98329e-07,5.98611e-07,5.9692e-07,nan,nan,nan,nan,nan,nan,nan,nan,nan,3,True,0.4,blank
nan,nan,nan,nan,nan,nan,nan,nan,nan,nan,nan,nan,Y,none,1.391714364396419e-07,1.914173723253274e-07,3.781592944761904e-07,3.977495990476191e-07,4.144802161818182e-07,31,-2.705589e-06,-2.296839e-06,-2.143898e-06,5.52015e-07,5.8358e-07,5.95041e-07,nan,nan,nan,nan,nan,nan,nan,nan,nan,3,True,0.0,blank
nan,nan,nan,nan,nan,nan,nan,nan,nan,nan,nan,nan,Y,none,5.290245301252037e-08,6.265787961460077e-08,4.1055649309523814e-07,4.196037207142857e-07,4.316329377705628e-07,32,-2.112145e-06,-2.026561e-06,-1.982408e-06,5.9335e-07,5.97766e-07,6.01711e-07,nan,nan,nan,nan,nan,nan,nan,nan,nan,3,True,0.1,blank
nan,nan,nan,nan,nan,nan,nan,nan,nan,nan,nan,nan,Y,none,5.057989340141903e-08,5.525241461850367e-08,4.243852213809523e-07,4.319511348571428e-07,4.4302024706493503e-07,33,-2.020549e-06,-1.962773e-06,-1.933275e-06,6.06315e-07,6.0763e-07,6.09321e-07,nan,nan,nan,nan,nan,nan,nan,nan,nan,3,True,0.2,blank
nan,nan,nan,nan,nan,nan,nan,nan,nan,nan,nan,nan,Y,none,5.052736365391593e-08,5.382602468988879e-08,4.353644059523809e-07,4.422648113333334e-07,4.5250029931601733e-07,34,-1.979683e-06,-1.931396e-06,-1.911104e-06,6.09603e-07,6.12891e-07,6.15803e-07,nan,nan,nan,nan,nan,nan,nan,nan,nan,3,True,0.3,blank
nan,nan,nan,nan,nan,nan,nan,nan,nan,nan,nan,nan,Y,none,5.099072197001456e-08,5.3690909558687204e-08,4.440498580952381e-07,4.505896317142857e-07,4.609401507186147e-07,35,-1.960049e-06,-1.916083e-06,-1.895509e-06,6.14488e-07,6.15333e-07,6.15709e-07,nan,nan,nan,nan,nan,nan,nan,nan,nan,3,True,0.4,blank
nan,nan,nan,nan,nan,nan,nan,nan,nan,nan,nan,nan,Y,working,2.659178927015389e-10,4.3297695375897247e-10,3.7577590476190436e-11,5.815586666666664e-12,2.6841120346320342e-11,36,0.0,-9.39441e-11,2.81832e-10,4.6972e-10,3.75776e-10,-9.39441e-11,nan,nan,nan,nan,nan,nan,nan,nan,nan,3,True,0.0,blank
nan,nan,nan,nan,nan,nan,nan,nan,nan,nan,nan,nan,Y,working,4.2983286794578367e-10,3.5227719878382176e-10,8.320754809523808e-11,2.86305480952381e-11,2.236759220779227e-11,37,-9.39441e-11,4.6972e-10,-9.39441e-11,3.75776e-10,9.39441e-11,-9.39441e-11,nan,nan,nan,nan,nan,nan,nan,nan,nan,3,True,0.1,blank
nan,nan,nan,nan,nan,nan,nan,nan,nan,nan,nan,nan,Y,working,8.180126342026159e-11,1.8281429598589886e-10,7.604985238095235e-12,1.2973203333333316e-11,2.5214424242424204e-11,38,1.87888e-10,9.39441e-11,0.0,1.87888e-10,9.39441e-11,0.0,nan,nan,nan,nan,nan,nan,nan,nan,nan,3,True,0.2,blank
nan,nan,nan,nan,nan,nan,nan,nan,nan,nan,nan,nan,Y,working,3.091880875519075e-10,3.835405256290352e-10,1.3867919523809506e-11,8.947057142857148e-12,4.026171471861475e-11,39,3.75776e-10,0.0,1.87888e-10,2.81832e-10,-9.39441e-11,4.6972e-10,nan,nan,nan,nan,nan,nan,nan,nan,nan,3,True,0.3,blank
nan,nan,nan,nan,nan,nan,nan,nan,nan,nan,nan,nan,Y,working,4.2137687464969023e-10,9.790324396770601e-11,2.2367613333333322e-11,8.49966476190475e-12,7.72699480519479e-12,40,3.75776e-10,-9.39441e-11,4.6972e-10,0.0,2.81832e-10,0.0,nan,nan,nan,nan,nan,nan,nan,nan,nan,3,True,0.4,blank
nan,nan,nan,nan,nan,nan,nan,nan,nan,nan,nan,nan,Y,counter,2.938939871622071e-09,1.4133898134993156e-09,1.0110178095238099e-10,7.381315238095236e-11,1.907347922077922e-10,41,2.442546e-09,0.0,2.348602e-09,2.254658e-09,-1.784937e-09,3.75776e-10,nan,nan,nan,nan,nan,nan,nan,nan,nan,3,True,0.0,blank
nan,nan,nan,nan,nan,nan,nan,nan,nan,nan,nan,nan,Y,counter,3.1352835100650748e-09,4.899966248487293e-10,1.8967745190476193e-10,1.480737333333333e-10,7.32009134199135e-12,42,-1.597049e-09,2.81832e-10,-1.597049e-09,-2.160714e-09,2.254658e-09,-2.066769e-09,nan,nan,nan,nan,nan,nan,nan,nan,nan,3,True,0.1,blank
nan,nan,nan,nan,nan,nan,nan,nan,nan,nan,nan,nan,Y,counter,1.215885586158683e-09,2.44942203778908e-09,2.326228095238094e-11,1.6730984761904763e-10,8.255698268398267e-11,43,-2.160714e-09,-2.066769e-09,-8.45496e-10,-2.160714e-09,-1.690993e-09,0.0,nan,nan,nan,nan,nan,nan,nan,nan,nan,3,True,0.2,blank
nan,nan,nan,nan,nan,nan,nan,nan,nan,nan,nan,nan,Y,counter,1.636048525577404e-09,3.120307960657106e-09,4.0709223809523827e-11,5.055091428571433e-11,1.8219451948051945e-10,44,-8.45496e-10,1.503105e-09,2.442546e-09,1.87888e-10,2.442546e-09,1.690993e-09,nan,nan,nan,nan,nan,nan,nan,nan,nan,3,True,0.3,blank
nan,nan,nan,nan,nan,nan,nan,nan,nan,nan,nan,nan,Y,counter,2.8324935807381303e-09,2.9037647142252543e-09,9.618100000000006e-11,1.2839037142857145e-10,6.506939393939373e-12,45,-2.066769e-09,2.348602e-09,1.597049e-09,1.690993e-09,2.160714e-09,1.784937e-09,nan,nan,nan,nan,nan,nan,nan,nan,nan,3,True,0.4,blank
nan,nan,nan,nan,nan,nan,nan,nan,nan,nan,nan,nan,Y,reference,0.00028082185119500565,0.00029704917427683143,0.00047848496561904766,0.0005700089763333333,0.0005801212132467532,46,0.000396157,-8.88805e-05,-0.000269403,0.00026382,0.000500245,0.00060983,nan,nan,nan,nan,nan,nan,nan,nan,nan,3,True,0.0,blank
nan,nan,nan,nan,nan,nan,nan,nan,nan,nan,nan,nan,Y,reference,8.139885249075673e-05,7.556331466732446e-05,0.00056731860195,0.0005754149543380953,0.0005770360160995672,47,-2.63701e-05,-4.226544e-05,-1.368765e-05,0.000541387,0.00062187,0.000639218,nan,nan,nan,nan,nan,nan,nan,nan,nan,3,True,0.1,blank
nan,nan,nan,nan,nan,nan,nan,nan,nan,nan,nan,nan,Y,reference,9.452089292497323e-05,8.668299312628479e-05,0.0006255632063476191,0.000629365208195238,0.000687693252909091,48,2.849324e-05,-5.467546e-06,-1.586716e-05,0.000650688,0.000655807,0.000654764,nan,nan,nan,nan,nan,nan,nan,nan,nan,3,True,0.2,blank
nan,nan,nan,nan,nan,nan,nan,nan,nan,nan,nan,nan,Y,reference,0.0001082025870362492,9.045134397087878e-05,0.0006255375151809524,0.0006058149556142856,0.0006439059844112555,49,-0.0001078948,2.298812e-05,-6.696334e-05,0.000653722,0.000655902,0.000656471,nan,nan,nan,nan,nan,nan,nan,nan,nan,3,True,0.3,blank
nan,nan,nan,nan,nan,nan,nan,nan,nan,nan,nan,nan,Y,reference,0.00010706920638250474,0.00011600249680253992,0.0005588361493809524,0.000570743965952381,0.0005499473524588744,50,-1.984099e-05,-4.265061e-06,-4.137297e-05,0.000617793,0.000633245,0.000617604,nan,nan,nan,nan,nan,nan,nan,nan,nan,3,True,0.4,blank
nan,nan,nan,nan,nan,nan,nan,nan,nan,nan,nan,nan,Y,none,1.2508906712096128e-07,1.2028064958014357e-07,1.0206816152857145e-06,1.0576873980952381e-06,1.0816025514978353e-06,51,-2.993998e-06,-2.730015e-06,-2.779805e-06,2.388058e-06,2.472608e-06,2.523338e-06,nan,nan,nan,nan,nan,nan,nan,nan,nan,3,True,0.0,sample
nan,nan,nan,nan,nan,nan,nan,nan,nan,nan,nan,nan,Y,none,1.604724611795618e-07,1.8518666440241098e-07,1.1254168727142856e-06,1.1271324942857143e-06,1.1296899559177488e-06,52,-2.814565e-06,-2.974269e-06,-3.075729e-06,2.575947e-06,2.578765e-06,2.588159e-06,nan,nan,nan,nan,nan,nan,nan,nan,nan,3,True,0.1,sample
nan,nan,nan,nan,nan,nan,nan,nan,nan,nan,nan,nan,Y,none,1.571200965495532e-07,1.685887960669967e-07,1.1550382125714284e-06,1.1463395185714287e-06,1.143770186342424e-06,53,-3.115185e-06,-3.238252e-06,-3.284285e-06,2.609766e-06,2.594735e-06,2.597554e-06,nan,nan,nan,nan,nan,nan,nan,nan,nan,3,True,0.2,sample
nan,nan,nan,nan,nan,nan,nan,nan,nan,nan,nan,nan,Y,none,1.5166003726364551e-07,1.570697431779791e-07,1.1669306302380954e-06,1.1561473461904764e-06,1.1528609036060605e-06,54,-3.259859e-06,-3.319984e-06,-3.334075e-06,2.617282e-06,2.601311e-06,2.596614e-06,nan,nan,nan,nan,nan,nan,nan,nan,nan,3,True,0.3,sample
nan,nan,nan,nan,nan,nan,nan,nan,nan,nan,nan,nan,Y,none,1.5117011448055915e-07,1.559980835957502e-07,1.1747889242857144e-06,1.163818800047619e-06,1.1592136441168833e-06,55,-3.284285e-06,-3.332196e-06,-3.32656e-06,2.613524e-06,2.600372e-06,2.605069e-06,nan,nan,nan,nan,nan,nan,nan,nan,nan,3,True,0.4,sample
nan,nan,nan,nan,nan,nan,nan,nan,nan,nan,nan,nan,Y,none,1.1352495767011295e-07,1.1980622036732305e-07,1.1324137640000003e-06,1.1408367172380953e-06,1.1443883815194805e-06,56,-3.473112e-06,-3.363198e-06,-3.296498e-06,2.455698e-06,2.505488e-06,2.533672e-06,nan,nan,nan,nan,nan,nan,nan,nan,nan,3,True,0.0,sample
nan,nan,nan,nan,nan,nan,nan,nan,nan,nan,nan,nan,Y,none,1.465306156399257e-07,1.4866173685345354e-07,1.17273911e-06,1.1639360745238098e-06,1.1614519414069263e-06,57,-3.196917e-06,-3.210069e-06,-3.190341e-06,2.56937e-06,2.564673e-06,2.574068e-06,nan,nan,nan,nan,nan,nan,nan,nan,nan,3,True,0.1,sample
nan,nan,nan,nan,nan,nan,nan,nan,nan,nan,nan,nan,Y,none,1.5106765215414467e-07,1.5434655269162725e-07,1.1859926365238095e-06,1.1756894115238095e-06,1.171794919852814e-06,58,-3.113307e-06,-3.154642e-06,-3.127398e-06,2.598493e-06,2.590978e-06,2.592856e-06,nan,nan,nan,nan,nan,nan,nan,nan,nan,3,True,0.2,sample
nan,nan,nan,nan,nan,nan,nan,nan,nan,nan,nan,nan,Y,none,1.5281724661510464e-07,1.568889253371912e-07,1.195668610095238e-06,1.1841397631428571e-06,1.180778026142857e-06,59,-3.068213e-06,-3.102033e-06,-3.088881e-06,2.612585e-06,2.597554e-06,2.597554e-06,nan,nan,nan,nan,nan,nan,nan,nan,nan,3,True,0.3,sample
nan,nan,nan,nan,nan,nan,nan,nan,nan,nan,nan,nan,Y,none,1.541290462787268e-07,1.583277524746371e-07,1.2044721060476192e-06,1.1920688046190476e-06,1.1877143340346324e-06,60,-3.02406e-06,-3.061637e-06,-3.052243e-06,2.630434e-06,2.609766e-06,2.615403e-06,nan,nan,nan,nan,nan,nan,nan,nan,nan,3,True,0.4,sample
nan,nan,nan,nan,nan,nan,nan,nan,nan,nan,nan,nan,Y,working,4.2526456063251636e-11,1.0792004040577743e-10,3.041996761904758e-11,1.3420666666666887e-12,1.7080708658008635e-11,61,3.75776e-10,3.75776e-10,3.75776e-10,3.75776e-10,3.75776e-10,2.81832e-10,nan,nan,nan,nan,nan,nan,nan,nan,nan,3,True,0.0,sample
nan,nan,nan,nan,nan,nan,nan,nan,nan,nan,nan,nan,Y,working,2.476047914860694e-10,2.3784420076639134e-10,1.0736486190476153e-11,6.262893809523792e-12,6.9136190476191145e-12,62,2.81832e-10,9.39441e-11,2.81832e-10,1.87888e-10,-9.39441e-11,3.75776e-10,nan,nan,nan,nan,nan,nan,nan,nan,nan,3,True,0.1,sample
nan,nan,nan,nan,nan,nan,nan,nan,nan,nan,nan,nan,Y,working,2.0772770249717675e-10,3.664685120538241e-10,1.297320380952385e-11,1.2078539047619045e-11,2.8061208225108212e-11,63,9.39441e-11,-9.39441e-11,9.39441e-11,-9.39441e-11,-9.39441e-11,3.75776e-10,nan,nan,nan,nan,nan,nan,nan,nan,nan,3,True,0.2,sample
nan,nan,nan,nan,nan,nan,nan,nan,nan,nan,nan,nan,Y,working,3.6538122199667456e-10,1.6796603913708964e-10,1.7893738095238165e-12,4.7419331428571385e-11,1.626738658008663e-11,64,3.75776e-10,-1.87888e-10,2.81832e-10,1.87888e-10,9.39441e-11,3.75776e-10,nan,nan,nan,nan,nan,nan,nan,nan,nan,3,True,0.3,sample
nan,nan,nan,nan,nan,nan,nan,nan,nan,nan,nan,nan,Y,working,3.421199904033405e-10,3.0565844260457015e-10,1.5657387142857166e-11,5.010345238095236e-11,1.2607158008657993e-11,65,0.0,9.39441e-11,3.75776e-10,-9.39441e-11,3.75776e-10,1.87888e-10,nan,nan,nan,nan,nan,nan,nan,nan,nan,3,True,0.4,sample
nan,nan,nan,nan,nan,nan,nan,nan,nan,nan,nan,nan,Y,counter,1.4191106244976628e-09,3.2360389097623368e-09,8.589170476190482e-11,1.5388931904761903e-10,4.310858874458878e-11,66,6.57608e-10,-1.127329e-09,-1.033384e-09,-8.45496e-10,-2.066769e-09,9.39441e-11,nan,nan,nan,nan,nan,nan,nan,nan,nan,3,True,0.0,sample
nan,nan,nan,nan,nan,nan,nan,nan,nan,nan,nan,nan,Y,counter,1.227373463616677e-09,2.294468195579538e-09,1.0870653333333339e-10,5.2787590476190467e-11,2.4482385281385273e-10,67,-1.315217e-09,-2.066769e-09,-1.972826e-09,-1.315217e-09,-2.066769e-09,-1.503105e-09,nan,nan,nan,nan,nan,nan,nan,nan,nan,3,True,0.1,sample
nan,nan,nan,nan,nan,nan,nan,nan,nan,nan,nan,nan,Y,counter,8.584663269524176e-10,4.868864288854141e-10,1.1228554285714283e-10,1.4449520952380958e-10,1.0655133766233768e-10,68,2.160714e-09,2.254658e-09,2.348602e-09,2.348602e-09,2.348602e-09,2.442546e-09,nan,nan,nan,nan,nan,nan,nan,nan,nan,3,True,0.2,sample
nan,nan,nan,nan,nan,nan,nan,nan,nan,nan,nan,nan,Y,counter,1.89731028043332e-09,3.1177335410186835e-09,8.947058095238097e-11,3.265682857142859e-11,4.4735142857142806e-11,69,1.597049e-09,-8.45496e-10,-1.503105e-09,1.87888e-10,-2.066769e-09,1.597049e-09,nan,nan,nan,nan,nan,nan,nan,nan,nan,3,True,0.3,sample
nan,nan,nan,nan,nan,nan,nan,nan,nan,nan,nan,nan,Y,counter,3.204493828988994e-09,1.5906837253508289e-09,1.5925759047619055e-10,6.710480952380965e-12,1.752809489177489e-10,70,-1.597049e-09,1.315217e-09,-9.39441e-11,-1.503105e-09,2.348602e-09,-1.972826e-09,nan,nan,nan,nan,nan,nan,nan,nan,nan,3,True,0.4,sample
nan,nan,nan,nan,nan,nan,nan,nan,nan,nan,nan,nan,Y,reference,0.00015085944842172197,0.00024114216510851317,0.0002952079864666667,0.00025612609523809526,0.00016277612554112562,71,-1.094449e-05,3.09076e-06,2.850264e-05,0.000395683,0.000504321,0.000581581,nan,nan,nan,nan,nan,nan,nan,nan,nan,3,True,0.0,sample
nan,nan,nan,nan,nan,nan,nan,nan,nan,nan,nan,nan,Y,reference,7.540468884061993e-05,6.268420796857373e-05,3.9876595238095354e-05,4.096680476190482e-05,4.8420995670994844e-06,72,-1.342461e-05,7.793602e-05,-7.618865e-06,0.000641777,0.000671638,0.000672965,nan,nan,nan,nan,nan,nan,nan,nan,nan,3,True,0.1,sample
nan,nan,nan,nan,nan,nan,nan,nan,nan,nan,nan,nan,Y,reference,4.484965272734854e-05,5.6733298719872745e-05,4.617071428571445e-06,2.65920952380956e-06,1.0431722943722772e-05,73,5.333206e-05,5.824533e-06,1.68066e-05,0.000668984,0.000644716,0.000677421,nan,nan,nan,nan,nan,nan,nan,nan,nan,3,True,0.2,sample
nan,nan,nan,nan,nan,nan,nan,nan,nan,nan,nan,nan,Y,reference,6.672139810171805e-05,8.06511490309679e-05,8.457671428571505e-06,1.6635047619047573e-05,1.0338922077922082e-05,74,6.313042e-06,0.00015496,5.608462e-06,0.000702258,0.000665002,0.00064263,nan,nan,nan,nan,nan,nan,nan,nan,nan,3,True,0.3,sample
nan,nan,nan,nan,nan,nan,nan,nan,nan,nan,nan,nan,Y,reference,8.303253222781323e-05,8.705188525165154e-05,1.7535690476190384e-05,1.4358533333333348e-05,3.77495238095243e-06,75,2.211444e-05,1.352794e-06,2.900054e-05,0.000668131,0.000669742,0.0006614,nan,nan,nan,nan,nan,nan,nan,nan,nan,3,True,0.4,sample
nan,nan,nan,nan,nan,nan,nan,nan,nan,nan,nan,nan,T,none,8.240651599356323e-08,9.118479926525778e-08,5.543471033333333e-07,5.896321400000001e-07,6.14035445064935e-07,76,-2.42169e-06,-2.230514e-06,-2.178187e-06,4.84469e-07,5.89687e-07,5.97954e-07,nan,nan,nan,nan,nan,nan,nan,nan,nan,3,True,0.4,blank
nan,nan,nan,nan,nan,nan,nan,nan,nan,nan,nan,nan,T,none,7.689160945214825e-08,7.644258141206354e-08,6.135491719047619e-07,6.286894114285714e-07,6.421820989177489e-07,77,-2.198103e-06,-2.162311e-06,-2.140046e-06,6.09039e-07,6.66251e-07,6.54132e-07,nan,nan,nan,nan,nan,nan,nan,nan,nan,3,True,0.4,blank
nan,nan,nan,nan,nan,nan,nan,nan,nan,nan,nan,nan,T,none,7.537452463965036e-08,7.919850418283744e-08,6.362927180952382e-07,6.476409957142857e-07,6.577272923809523e-07,78,-2.189273e-06,-2.16635e-06,-2.13563e-06,6.46617e-07,6.72921e-07,6.91146e-07,nan,nan,nan,nan,nan,nan,nan,nan,nan,3,True,0.4,blank
nan,nan,nan,nan,nan,nan,nan,nan,nan,nan,nan,nan,T,none,7.861673464599162e-08,8.13439555581432e-08,6.479641428571428e-07,6.563985476190476e-07,6.689783670995671e-07,79,-2.176402e-06,-2.173396e-06,-2.167384e-06,6.59017e-07,6.6146e-07,6.66909e-07,nan,nan,nan,nan,nan,nan,nan,nan,nan,3,True,0.4,blank
nan,nan,nan,nan,nan,nan,nan,nan,nan,nan,nan,nan,T,none,7.843398503559965e-08,8.194586594812672e-08,6.578052666666666e-07,6.639236095238094e-07,6.744443688311688e-07,80,-2.155922e-06,-2.143052e-06,-2.156674e-06,6.95749e-07,6.87576e-07,6.82034e-07,nan,nan,nan,nan,nan,nan,nan,nan,nan,3,True,0.4,blank
nan,nan,nan,nan,nan,nan,nan,nan,nan,nan,nan,nan,T,none,1.1013804329358359e-07,1.3452075517827087e-07,6.066990842857143e-07,6.341355019047619e-07,6.546427062770562e-07,81,-2.621979e-06,-2.374155e-06,-2.289605e-06,5.61315e-07,6.3835e-07,6.30928e-07,nan,nan,nan,nan,nan,nan,nan,nan,nan,3,True,0.4,blank
nan,nan,nan,nan,nan,nan,nan,nan,nan,nan,nan,nan,T,none,8.079530795822982e-08,8.164857367050299e-08,6.505766814285715e-07,6.595165047619048e-07,6.734207034199134e-07,82,-2.270534e-06,-2.191058e-06,-2.20327e-06,6.35155e-07,6.60332e-07,6.73109e-07,nan,nan,nan,nan,nan,nan,nan,nan,nan,3,True,0.4,blank
nan,nan,nan,nan,nan,nan,nan,nan,nan,nan,nan,nan,T,none,8.297802113975078e-08,8.071460131140158e-08,6.658852242857143e-07,6.712866333333332e-07,6.838469121212122e-07,83,-2.222059e-06,-2.148971e-06,-2.169262e-06,6.60614e-07,6.81e-07,6.74988e-07,nan,nan,nan,nan,nan,nan,nan,nan,nan,3,True,0.4,blank
nan,nan,nan,nan,nan,nan,nan,nan,nan,nan,nan,nan,T,none,8.39167824462142e-08,8.20432568453441e-08,6.739415304761905e-07,6.799350047619048e-07,6.898549787878787e-07,84,-2.179972e-06,-2.140516e-06,-2.142113e-06,6.92086e-07,6.65405e-07,7.03453e-07,nan,nan,nan,nan,nan,nan,nan,nan,nan,3,True,0.4,blank
nan,nan,nan,nan,nan,nan,nan,nan,nan,nan,nan,nan,T,none,8.090577515516503e-08,8.545993838189956e-08,6.813988333333334e-07,6.860610428571429e-07,6.95534638961039e-07,85,-2.15254e-06,-2.122478e-06,-2.128303e-06,6.6813e-07,6.67096e-07,6.98568e-07,nan,nan,nan,nan,nan,nan,nan,nan,nan,3,True,0.4,blank
nan,nan,nan,nan,nan,nan,nan,nan,nan,nan,nan,nan,T,none,1.2313534223577892e-07,1.497021086570393e-07,6.364320323809523e-07,6.605229323809524e-07,6.782687481385281e-07,86,-2.688679e-06,-2.367954e-06,-2.258697e-06,6.20031e-07,6.26043e-07,6.69915e-07,nan,nan,nan,nan,nan,nan,nan,nan,nan,3,True,0.4,blank
nan,nan,nan,nan,nan,nan,nan,nan,nan,nan,nan,nan,T,none,8.143171238781995e-08,8.719898006968595e-08,6.733850666666666e-07,6.825680238095238e-07,6.963006562770563e-07,87,-2.27185e-06,-2.223186e-06,-2.18373e-06,6.86355e-07,6.89079e-07,6.85322e-07,nan,nan,nan,nan,nan,nan,nan,nan,nan,3,True,0.4,blank
nan,nan,nan,nan,nan,nan,nan,nan,nan,nan,nan,nan,T,none,8.107555470001872e-08,8.441723151974696e-08,6.838685638095239e-07,6.915655714285715e-07,7.04235535064935e-07,88,-2.178657e-06,-2.138167e-06,-2.119002e-06,6.62399e-07,6.67848e-07,6.7837e-07,nan,nan,nan,nan,nan,nan,nan,nan,nan,3,True,0.4,blank
nan,nan,nan,nan,nan,nan,nan,nan,nan,nan,nan,nan,T,none,8.251645613350574e-08,8.551799944360204e-08,6.909006085714286e-07,6.979888047619047e-07,7.096390220779222e-07,89,-2.153386e-06,-2.118721e-06,-2.115433e-06,6.6719e-07,6.75551e-07,6.83819e-07,nan,nan,nan,nan,nan,nan,nan,nan,nan,3,True,0.4,blank
nan,nan,nan,nan,nan,nan,nan,nan,nan,nan,nan,nan,T,none,8.284471185075078e-08,8.462003402507626e-08,6.961676523809524e-07,7.029643857142857e-07,7.123995593073593e-07,90,-2.142864e-06,-2.105193e-06,-2.092134e-06,6.7123e-07,6.74988e-07,6.76303e-07,nan,nan,nan,nan,nan,nan,nan,nan,nan,3,True,0.4,blank
nan,nan,nan,nan,nan,nan,nan,nan,nan,nan,nan,nan,T,none,1.3280432410871487e-07,1.6639025560855749e-07,6.496693919047619e-07,6.740062152380952e-07,6.939659515151516e-07,91,-2.751622e-06,-2.377631e-06,-2.295523e-06,6.01524e-07,6.38725e-07,6.82691e-07,nan,nan,nan,nan,nan,nan,nan,nan,nan,3,True,0.4,blank
nan,nan,nan,nan,nan,nan,nan,nan,nan,nan,nan,nan,T,none,8.204336802104775e-08,8.654748909127642e-08,6.858077523809525e-07,6.957135428571429e-07,7.091711541125542e-07,92,-2.275043e-06,-2.216704e-06,-2.171329e-06,6.76303e-07,6.82315e-07,6.77055e-07,nan,nan,nan,nan,nan,nan,nan,nan,nan,3,True,0.4,blank
nan,nan,nan,nan,nan,nan,nan,nan,nan,nan,nan,nan,T,none,8.583310438260692e-08,9.001446588011631e-08,6.988942357142857e-07,7.05782519047619e-07,7.164580948051949e-07,93,-2.191245e-06,-2.179502e-06,-2.141737e-06,6.89173e-07,7.05426e-07,6.7527e-07,nan,nan,nan,nan,nan,nan,nan,nan,nan,3,True,0.4,blank
nan,nan,nan,nan,nan,nan,nan,nan,nan,nan,nan,nan,T,none,8.403187806513748e-08,8.697479508576699e-08,7.059625142857143e-07,7.124153333333334e-07,7.211724619047618e-07,94,-2.185703e-06,-2.13347e-06,-2.103596e-06,7.02607e-07,6.8814e-07,6.84758e-07,nan,nan,nan,nan,nan,nan,nan,nan,nan,3,True,0.4,blank
nan,nan,nan,nan,nan,nan,nan,nan,nan,nan,nan,nan,T,none,8.479639821066268e-08,8.86179129288057e-08,7.119392666666666e-07,7.17337319047619e-07,7.257987974025974e-07,95,-2.179315e-06,-2.135067e-06,-2.092886e-06,7.13693e-07,6.95843e-07,6.86073e-07,nan,nan,nan,nan,nan,nan,nan,nan,nan,3,True,0.4,blank
nan,nan,nan,nan,nan,nan,nan,nan,nan,nan,nan,nan,T,none,7.031994931980797e-08,8.594829847608366e-08,5.450283679047619e-07,5.788200838095238e-07,5.991848524155842e-07,96,-2.013785e-06,-1.900582e-06,-1.846752e-06,8.32814e-07,8.74713e-07,8.90496e-07,nan,nan,nan,nan,nan,nan,nan,nan,nan,3,True,0.4,sample
nan,nan,nan,nan,nan,nan,nan,nan,nan,nan,nan,nan,T,none,7.43245029986547e-08,7.667644043045698e-08,6.035354091428571e-07,6.112620639047618e-07,6.205252196493506e-07,97,-1.802787e-06,-1.792359e-06,-1.775637e-06,8.99702e-07,9.04963e-07,9.106e-07,nan,nan,nan,nan,nan,nan,nan,nan,nan,3,True,0.4,sample
nan,nan,nan,nan,nan,nan,nan,nan,nan,nan,nan,nan,T,none,7.713096081635898e-08,7.868022833420967e-08,6.187184583333333e-07,6.235292457142857e-07,6.305531736883118e-07,98,-1.762109e-06,-1.754781e-06,-1.74999e-06,9.13794e-07,9.18585e-07,9.22437e-07,nan,nan,nan,nan,nan,nan,nan,nan,nan,3,True,0.4,sample
nan,nan,nan,nan,nan,nan,nan,nan,nan,nan,nan,nan,T,none,7.85638268444013e-08,7.994286053893309e-08,6.268675678095238e-07,6.301045831428571e-07,6.360550651601732e-07,99,-1.737965e-06,-1.732235e-06,-1.722464e-06,9.25349e-07,9.19806e-07,9.2394e-07,nan,nan,nan,nan,nan,nan,nan,nan,nan,3,True,0.4,sample
nan,nan,nan,nan,nan,nan,nan,nan,nan,nan,nan,nan,T,none,7.919957801054778e-08,8.062985722218346e-08,6.321195330000001e-07,6.344462161904763e-07,6.40054103930736e-07,100,-1.718613e-06,-1.718988e-06,-1.708373e-06,9.29107e-07,9.27134e-07,9.25067e-07,nan,nan,nan,nan,nan,nan,nan,nan,nan,3,True,0.4,sample
nan,nan,nan,nan,nan,nan,nan,nan,nan,nan,nan,nan,T,none,7.251429244244272e-08,8.979142016932083e-08,5.75233885047619e-07,5.995998772857143e-07,6.151173662770563e-07,101,-2.00129e-06,-1.866199e-06,-1.810396e-06,8.34223e-07,8.71331e-07,8.88241e-07,nan,nan,nan,nan,nan,nan,nan,nan,nan,3,True,0.4,sample
nan,nan,nan,nan,nan,nan,nan,nan,nan,nan,nan,nan,T,none,7.644490548994556e-08,7.812812649241909e-08,6.17552722857143e-07,6.234417318095238e-07,6.309761842510822e-07,102,-1.767276e-06,-1.75666e-06,-1.738623e-06,9.02239e-07,9.07687e-07,9.10787e-07,nan,nan,nan,nan,nan,nan,nan,nan,nan,3,True,0.4,sample
nan,nan,nan,nan,nan,nan,nan,nan,nan,nan,nan,nan,T,none,7.857303895515193e-08,7.992880172131354e-08,6.285016279e-07,6.316635059047618e-07,6.378162820558443e-07,103,-1.720867e-06,-1.715231e-06,-1.701703e-06,9.15954e-07,9.15109e-07,9.1586e-07,nan,nan,nan,nan,nan,nan,nan,nan,nan,3,True,0.4,sample
nan,nan,nan,nan,nan,nan,nan,nan,nan,nan,nan,nan,T,none,7.946454185385439e-08,8.073382808984719e-08,6.33757561952381e-07,6.359806056666666e-07,6.416073023766234e-07,104,-1.690054e-06,-1.688457e-06,-1.678686e-06,9.18491e-07,9.16612e-07,9.18209e-07,nan,nan,nan,nan,nan,nan,nan,nan,nan,3,True,0.4,sample
nan,nan,nan,nan,nan,nan,nan,nan,nan,nan,nan,nan,T,none,8.00393504307607e-08,8.13469568707643e-08,6.370154405714285e-07,6.387923048095237e-07,6.439753952813853e-07,105,-1.670701e-06,-1.671171e-06,-1.666662e-06,9.19806e-07,9.20464e-07,9.2347e-07,nan,nan,nan,nan,nan,nan,nan,nan,nan,3,True,0.4,sample
nan,nan,nan,nan,nan,nan,nan,nan,nan,nan,nan,nan,T,none,7.68484315076934e-08,9.616251797397806e-08,5.857483389523809e-07,6.084510146666666e-07,6.223393424545456e-07,106,-1.986917e-06,-1.831909e-06,-1.771973e-06,8.39672e-07,8.7631e-07,8.91811e-07,nan,nan,nan,nan,nan,nan,nan,nan,nan,3,True,0.4,sample
nan,nan,nan,nan,nan,nan,nan,nan,nan,nan,nan,nan,T,none,7.745093316974172e-08,7.896603121536803e-08,6.238362115714285e-07,6.285333181428571e-07,6.356902952467533e-07,107,-1.729886e-06,-1.716358e-06,-1.695502e-06,9.04305e-07,9.05433e-07,9.07969e-07,nan,nan,nan,nan,nan,nan,nan,nan,nan,3,True,0.4,sample
nan,nan,nan,nan,nan,nan,nan,nan,nan,nan,nan,nan,T,none,7.928446840116764e-08,8.062934985959205e-08,6.326691008095238e-07,6.351440267142856e-07,6.410579056060605e-07,108,-1.681223e-06,-1.675492e-06,-1.666192e-06,9.12291e-07,9.11633e-07,9.16894e-07,nan,nan,nan,nan,nan,nan,nan,nan,nan,3,True,0.4,sample
nan,nan,nan,nan,nan,nan,nan,nan,nan,nan,nan,nan,T,none,8.007615143617338e-08,8.127734983474615e-08,6.36808569047619e-07,6.389786771428572e-07,6.441354497099567e-07,109,-1.657455e-06,-1.654731e-06,-1.644585e-06,9.15954e-07,9.18303e-07,9.17927e-07,nan,nan,nan,nan,nan,nan,nan,nan,nan,3,True,0.4,sample
nan,nan,nan,nan,nan,nan,nan,nan,nan,nan,nan,nan,T,none,8.045842195598078e-08,8.170786151079556e-08,6.394877476190477e-07,6.409014604761906e-07,6.459941144588745e-07,110,-1.640357e-06,-1.641297e-06,-1.63303e-06,9.17551e-07,9.16988e-07,9.18491e-07,nan,nan,nan,nan,nan,nan,nan,nan,nan,3,True,0.4,sample
nan,nan,nan,nan,nan,nan,nan,nan,nan,nan,nan,nan,T,none,7.785124252356982e-08,9.697682475569264e-08,5.884965711904761e-07,6.103489222380952e-07,6.244361903463204e-07,111,-1.96484e-06,-1.803538e-06,-1.74642e-06,8.36759e-07,8.74055e-07,8.87207e-07,nan,nan,nan,nan,nan,nan,nan,nan,nan,3,True,0.4,sample
nan,nan,nan,nan,nan,nan,nan,nan,nan,nan,nan,nan,T,none,7.788095432322375e-08,7.92332263306374e-08,6.255376455714285e-07,6.30282133e-07,6.374734168225107e-07,112,-1.701703e-06,-1.691839e-06,-1.673519e-06,8.98669e-07,9.05245e-07,9.05621e-07,nan,nan,nan,nan,nan,nan,nan,nan,nan,3,True,0.4,sample
nan,nan,nan,nan,nan,nan,nan,nan,nan,nan,nan,nan,T,none,7.954953583616112e-08,8.08120920236047e-08,6.345648141904762e-07,6.370129429523809e-07,6.425958538528138e-07,113,-1.658676e-06,-1.651443e-06,-1.640639e-06,9.12291e-07,9.1323e-07,9.13888e-07,nan,nan,nan,nan,nan,nan,nan,nan,nan,3,True,0.4,sample
nan,nan,nan,nan,nan,nan,nan,nan,nan,nan,nan,nan,T,none,8.029213676012486e-08,8.155584111230855e-08,6.38759909047619e-07,6.407210585714286e-07,6.458725873593074e-07,114,-1.634908e-06,-1.630117e-06,-1.622414e-06,9.14827e-07,9.15485e-07,9.15954e-07,nan,nan,nan,nan,nan,nan,nan,nan,nan,3,True,0.4,sample
nan,nan,nan,nan,nan,nan,nan,nan,nan,nan,nan,nan,T,none,8.073110297501725e-08,8.199144625805871e-08,6.413741542857142e-07,6.427911133333334e-07,6.477473032467531e-07,115,-1.615086e-06,-1.61828e-06,-1.608604e-06,9.16142e-07,9.17457e-07,9.18397e-07,nan,nan,nan,nan,nan,nan,nan,nan,nan,3,True,0.4,sample
