group,file,model,fit_start_s,fit_end_s,n_points,A,A_se,beta,beta_se,C,C_se,M_linear_drift,M_linear_drift_se,rmse,r2,success,message,time_min_s,time_max_s,current_min_a,current_max_a
再等十分钟,/Users/griffith/Downloads/ic study/code 2026/CVLabtest/analysis/再等十分钟.csv,beta,0.2,120.0006,2397,1.3230912808081721e-06,5.286162184137866e-09,0.4409165373884845,0.002041938638143822,1.1388944041529396e-07,2.7687149063127893e-09,,,3.456289027284466e-08,0.9790660618670407,True,,0.05063522,120.0006,2.99305e-07,9.953712e-06
再等十分钟,/Users/griffith/Downloads/ic study/code 2026/CVLabtest/analysis/再等十分钟.csv,beta_plus_linear_drift,0.2,120.0006,2397,1.6551333623049784e-06,8.320108631906609e-09,0.3632103080421034,0.0019694844738972097,-1.4408277693243654e-07,6.571030891080258e-09,1.457392195022482e-09,2.8066971347819453e-11,2.2523562176264204e-08,0.9911099340116305,True,,0.05063522,120.0006,2.99305e-07,9.953712e-06
再等十分钟,/Users/griffith/Downloads/ic study/code 2026/CVLabtest/analysis/再等十分钟.csv,beta,0.5,120.0006,2391,1.1849187436791754e-06,6.482450759565948e-09,0.3419567561166869,0.002765103089106049,4.1510339497160924e-08,4.7946546886759016e-09,,,3.490438667543804e-08,0.965947350057657,True,,0.05063522,120.0006,2.99305e-07,9.953712e-06
再等十分钟,/Users/griffith/Downloads/ic study/code 2026/CVLabtest/analysis/再等十分钟.csv,beta_plus_linear_drift,0.5,120.0006,2391,1.826228995738487e-06,1.8462513872575373e-08,0.22240547350982331,0.0027146607256619873,-5.297792713221443e-07,1.7561694045208217e-08,1.860302671528141e-09,3.4043721981235656e-11,2.117247735359707e-08,0.9874704854271285,True,,0.05063522,120.0006,2.99305e-07,9.953712e-06
再等十分钟,/Users/griffith/Downloads/ic study/code 2026/CVLabtest/analysis/再等十分钟.csv,beta,1.0,120.0006,2381,1.088121187479294e-06,7.910187514866586e-09,0.2663369733419957,0.0031998572303127627,-3.0578903040169834e-08,7.264448777660913e-09,,,3.060371566809808e-08,0.9607642345930595,True,,0.05063522,120.0006,2.99305e-07,9.953712e-06
再等十分钟,/Users/griffith/Downloads/ic study/code 2026/CVLabtest/analysis/再等十分钟.csv,beta_plus_linear_drift,1.0,120.0006,2381,2.5401909263108744e-06,6.390160379157994e-08,0.10937721116260164,0.0031458781749091483,-1.4278451040731255e-06,6.376639454003245e-08,2.038213257978611e-09,3.4933143973343234e-11,1.7006187768375307e-08,0.9878843211714634,True,,0.05063522,120.0006,2.99305e-07,9.953712e-06
再等十分钟,/Users/griffith/Downloads/ic study/code 2026/CVLabtest/analysis/再等十分钟.csv,beta,2.0,120.0006,2361,1.0389077048594747e-06,1.2566071031258011e-08,0.18572807411889317,0.0035895178528804954,-1.50341777052652e-07,1.285972728476246e-08,,,2.447549556292477e-08,0.9596042051017487,True,,0.05063522,120.0006,2.99305e-07,9.953712e-06
再等十分钟,/Users/griffith/Downloads/ic study/code 2026/CVLabtest/analysis/再等十分钟.csv,beta_plus_linear_drift,2.0,120.0006,2361,0.015929195321364484,2.3236407188616655,1.1086691738019914e-05,0.0016172746227259029,-0.0159282708035867,2.3236407189746098,1.9812287263753782e-09,2.035997604632812e-11,1.2350333380276267e-08,0.9897143786434569,True,,0.05063522,120.0006,2.99305e-07,9.953712e-06
再等十分钟,/Users/griffith/Downloads/ic study/code 2026/CVLabtest/analysis/再等十分钟.csv,beta,5.0,120.0006,2301,1.3979970564638822e-06,6.531079771718126e-08,0.07033911907144898,0.004008042682365511,-7.159671051274283e-07,6.611493815748614e-08,,,1.5563329642428536e-08,0.9640966416089272,True,,0.05063522,120.0006,2.99305e-07,9.953712e-06
再等十分钟,/Users/griffith/Downloads/ic study/code 2026/CVLabtest/analysis/再等十分钟.csv,beta_plus_linear_drift,5.0,120.0006,2301,0.03129121077887375,1.2330207069233046,3.298860150310522e-06,0.00012999065353990405,-0.03129050689409537,1.2330207069028547,7.606719024956585e-10,1.4275353818591333e-11,1.1154343135221702e-08,0.9815575742981663,True,,0.05063522,120.0006,2.99305e-07,9.953712e-06
接着第一个立刻做的,/Users/griffith/Downloads/ic study/code 2026/CVLabtest/analysis/接着第一个立刻做的.csv,beta,0.2,120.0006,2397,3.947806172784462e-07,2.141769191548526e-09,0.5276383472515167,0.0026514065700459265,2.276878184230418e-07,8.423067287728232e-10,,,1.5069338541381266e-08,0.9651491584601781,True,,0.05063276,120.0006,2.66425e-07,4.360674e-06
接着第一个立刻做的,/Users/griffith/Downloads/ic study/code 2026/CVLabtest/analysis/接着第一个立刻做的.csv,beta_plus_linear_drift,0.2,120.0006,2397,4.917451177311604e-07,3.070073041366506e-09,0.44797678003760383,0.002625303960993073,1.5952229395906583e-07,2.070588373561307e-09,5.072123499476033e-10,1.1999709266240577e-11,1.0949982507881825e-08,0.9815985629246939,True,,0.05063276,120.0006,2.66425e-07,4.360674e-06
接着第一个立刻做的,/Users/griffith/Downloads/ic study/code 2026/CVLabtest/analysis/接着第一个立刻做的.csv,beta,0.5,120.0006,2391,3.2464214224693537e-07,2.004666311559925e-09,0.4220223024295614,0.0031701003993458675,2.1652414823879735e-07,1.1218093857496173e-09,,,1.2772572999519154e-08,0.9516661686578372,True,,0.05063276,120.0006,2.66425e-07,4.360674e-06
接着第一个立刻做的,/Users/griffith/Downloads/ic study/code 2026/CVLabtest/analysis/接着第一个立刻做的.csv,beta_plus_linear_drift,0.5,120.0006,2391,4.669371513014985e-07,4.0380103890237255e-09,0.30460266042266965,0.0030445343208820312,1.005464411261949e-07,3.5014254220757484e-09,5.692969942114161e-10,1.140943787178339e-11,8.265346524870419e-09,0.9797597176070939,True,,0.05063276,120.0006,2.66425e-07,4.360674e-06
接着第一个立刻做的,/Users/griffith/Downloads/ic study/code 2026/CVLabtest/analysis/接着第一个立刻做的.csv,beta,1.0,120.0006,2381,2.721614459916298e-07,1.9298860146751963e-09,0.33565977220574067,0.0035613328156829,2.0603587213199835e-07,1.457831243115321e-09,,,1.0168628629073363e-08,0.9455419071819596,True,,0.05063276,120.0006,2.66425e-07,4.360674e-06
接着第一个立刻做的,/Users/griffith/Downloads/ic study/code 2026/CVLabtest/analysis/接着第一个立刻做的.csv,beta_plus_linear_drift,1.0,120.0006,2381,5.139249086659728e-07,7.865158577679404e-09,0.17691294963745213,0.0032432850534832923,-1.5175470232108706e-08,7.700810217344697e-09,5.948423005640675e-10,1.0077041931249162e-11,5.679712561970075e-09,0.9830101177243051,True,,0.05063276,120.0006,2.66425e-07,4.360674e-06
接着第一个立刻做的,/Users/griffith/Downloads/ic study/code 2026/CVLabtest/analysis/接着第一个立刻做的.csv,beta,2.0,120.0006,2361,2.303678122498125e-07,2.314857112790892e-09,0.2432593058263921,0.004066647533605121,1.9014066406264463e-07,2.224409610972276e-09,,,7.642177991732595e-09,0.9415813523537193,True,,0.05063276,120.0006,2.66425e-07,4.360674e-06
接着第一个立刻做的,/Users/griffith/Downloads/ic study/code 2026/CVLabtest/analysis/接着第一个立刻做的.csv,beta_plus_linear_drift,2.0,120.0006,2361,2.7323699844634285e-06,4.858695582429391e-07,0.018663704682726687,0.003404944948588447,-2.298878638405046e-06,4.859332739536449e-07,6.305091811297919e-10,8.863752493950476e-12,3.4289892646025593e-09,0.9882388590974248,True,,0.05063276,120.0006,2.66425e-07,4.360674e-06
接着第一个立刻做的,/Users/griffith/Downloads/ic study/code 2026/CVLabtest/analysis/接着第一个立刻做的.csv,beta,5.0,120.0006,2301,2.2753883860224832e-07,8.112473663018236e-09,0.11267821547398592,0.005491016241298281,1.3129035675026433e-07,8.316799446152587e-09,,,5.295167577857856e-09,0.9271125716106009,True,,0.05063276,120.0006,2.66425e-07,4.360674e-06
接着第一个立刻做的,/Users/griffith/Downloads/ic study/code 2026/CVLabtest/analysis/接着第一个立刻做的.csv,beta_plus_linear_drift,5.0,120.0006,2301,0.004019316696608346,2.1328284345698154e-10,6.751397040555845e-06,3.7327535660702013e-08,-0.004018949851653265,1.5590821544264018e-10,2.833553823458337e-10,4.48114387312176e-12,3.515375847030162e-09,0.9678754732165504,True,,0.05063276,120.0006,2.66425e-07,4.360674e-06
新的第一个,/Users/griffith/Downloads/ic study/code 2026/CVLabtest/analysis/新的第一个.csv,beta,0.2,120.0006,2397,1.4767238931303056e-06,4.5759948426323e-09,0.4292926193150906,0.0015895761797413762,1.2291046460067413e-07,2.4958863449361312e-09,,,2.9481646081229184e-08,0.9872933772598956,True,,0.05063566,120.0006,3.01748e-07,1.090168e-05
新的第一个,/Users/griffith/Downloads/ic study/code 2026/CVLabtest/analysis/新的第一个.csv,beta_plus_linear_drift,0.2,120.0006,2397,1.4919469578504503e-06,8.783270397249858e-09,0.42555743003700963,0.0024469960405889345,1.1147141820606353e-07,6.184640190956186e-09,6.947693213384018e-11,3.333973325658722e-11,2.94527345356627e-08,0.9873182868574988,True,,0.05063566,120.0006,3.01748e-07,1.090168e-05
新的第一个,/Users/griffith/Downloads/ic study/code 2026/CVLabtest/analysis/新的第一个.csv,beta,0.5,120.0006,2391,1.3702251038821322e-06,5.317983624541798e-09,0.3036502301625593,0.001869495397664878,-1.5405897746922185e-08,4.43529108197422e-09,,,2.4952675047868175e-08,0.9851260572288716,True,,0.05063566,120.0006,3.01748e-07,1.090168e-05
新的第一个,/Users/griffith/Downloads/ic study/code 2026/CVLabtest/analysis/新的第一个.csv,beta_plus_linear_drift,0.5,120.0006,2391,1.4730596803071826e-06,1.3648837832058672e-08,0.2822804438999191,0.003081354962718866,-1.0593391255736021e-07,1.2198686853797513e-08,3.1715859320775166e-10,3.516437230923504e-11,2.447831732229212e-08,0.9856861980087943,True,,0.05063566,120.0006,3.01748e-07,1.090168e-05
新的第一个,/Users/griffith/Downloads/ic study/code 2026/CVLabtest/analysis/新的第一个.csv,beta,1.0,120.0006,2381,1.4068427237864795e-06,8.173644058019346e-09,0.1973091966741628,0.0018636174578465304,-2.4566507090069477e-07,8.310798536442462e-09,,,1.8136238484756328e-08,0.9883443192569331,True,,0.05063566,120.0006,3.01748e-07,1.090168e-05
新的第一个,/Users/griffith/Downloads/ic study/code 2026/CVLabtest/analysis/新的第一个.csv,beta_plus_linear_drift,1.0,120.0006,2381,1.6567535440500976e-06,2.787180727524275e-08,0.16537869192772664,0.0033157040942585984,-4.862041848062185e-07,2.7427323028106365e-08,3.786108509845331e-10,3.185162493974296e-11,1.7524186886226298e-08,0.9891177434684066,True,,0.05063566,120.0006,3.01748e-07,1.090168e-05
新的第一个,/Users/griffith/Downloads/ic study/code 2026/CVLabtest/analysis/新的第一个.csv,beta,2.0,120.0006,2361,2.3825228134230715e-06,4.4348211146982615e-08,0.0694391649722355,0.0015757843150401747,-1.4107197472452311e-06,4.4897910196949805e-08,,,1.0440441631819651e-08,0.9941232928855486,True,,0.05063566,120.0006,3.01748e-07,1.090168e-05
新的第一个,/Users/griffith/Downloads/ic study/code 2026/CVLabtest/analysis/新的第一个.csv,beta_plus_linear_drift,2.0,120.0006,2361,6.263717761037792e-06,7.382178894602833e-07,0.025482285800539857,0.0031096115554696976,-5.2880120771746765e-06,7.383808981653235e-07,4.039207687273969e-10,2.4863522999395816e-11,9.784265724334211e-09,0.9948387750860351,True,,0.05063566,120.0006,3.01748e-07,1.090168e-05
新的第一个,/Users/griffith/Downloads/ic study/code 2026/CVLabtest/analysis/新的第一个.csv,beta,5.0,120.0006,2301,0.0007775329564418525,0.0189020464198249,0.00013107460766392868,0.0031876307102821117,-0.0007767383780939435,0.018902047387224993,,,1.4052704333341045e-08,0.9810332646065277,True,,0.05063566,120.0006,3.01748e-07,1.090168e-05
新的第一个,/Users/griffith/Downloads/ic study/code 2026/CVLabtest/analysis/新的第一个.csv,beta_plus_linear_drift,5.0,120.0006,2301,0.024898031048670378,2.0010498134823074,3.328371026878722e-06,0.00026750166242014886,-0.024897270186152967,2.0010498134886454,-6.526519926584442e-10,1.1670002870431258e-11,9.112816089512954e-09,0.9920241316128798,True,,0.05063566,120.0006,3.01748e-07,1.090168e-05
等一分钟,/Users/griffith/Downloads/ic study/code 2026/CVLabtest/analysis/等一分钟.csv,beta,0.2,120.0006,2397,1.0361054737657343e-06,5.073753533565656e-09,0.4681942476537475,0.0024743163357214435,1.974588728739466e-07,2.4202224226227178e-09,,,3.415800489219575e-08,0.9692685564789784,True,,0.05063465,120.0006,3.35944e-07,8.626551e-06
等一分钟,/Users/griffith/Downloads/ic study/code 2026/CVLabtest/analysis/等一分钟.csv,beta_plus_linear_drift,0.2,120.0006,2397,1.3578656241301426e-06,7.222953564339116e-09,0.3735915885691739,0.0021115782631637805,-4.7167554918909125e-08,5.601063305501508e-09,1.4797251267819314e-09,2.4959793532005977e-11,2.0365599825497078e-08,0.9890757311599429,True,,0.05063465,120.0006,3.35944e-07,8.626551e-06
等一分钟,/Users/griffith/Downloads/ic study/code 2026/CVLabtest/analysis/等一分钟.csv,beta,0.5,120.0006,2391,9.015156389146023e-07,5.747973882475529e-09,0.3734510226982234,0.00327610677434305,1.5641451244341044e-07,3.817271639661924e-09,,,3.3570938385931494e-08,0.9508459923600758,True,,0.05063465,120.0006,3.35944e-07,8.626551e-06
等一分钟,/Users/griffith/Downloads/ic study/code 2026/CVLabtest/analysis/等一分钟.csv,beta_plus_linear_drift,0.5,120.0006,2391,1.457010007934623e-06,1.496241127709435e-08,0.23501982717419245,0.00290828235289484,-3.2790015840695535e-07,1.4079405318488625e-08,1.7770745827920837e-09,2.996788978897016e-11,1.909993099869744e-08,0.9840890699174781,True,,0.05063465,120.0006,3.35944e-07,8.626551e-06
等一分钟,/Users/griffith/Downloads/ic study/code 2026/CVLabtest/analysis/等一分钟.csv,beta,1.0,120.0006,2381,7.942791813264687e-07,6.249272511397456e-09,0.3027349537446056,0.0037800348708252195,1.231372003779409e-07,5.226265422356869e-09,,,2.9133920635566747e-08,0.9422452950985035,True,,0.05063465,120.0006,3.35944e-07,8.626551e-06
等一分钟,/Users/griffith/Downloads/ic study/code 2026/CVLabtest/analysis/等一分钟.csv,beta_plus_linear_drift,1.0,120.0006,2381,1.865792114124039e-06,4.3262668690049044e-08,0.12553046109662463,0.003376605586217089,-8.919072382610677e-07,4.30638455118059e-08,1.87873205440796e-09,3.040131854745403e-11,1.5345128166168856e-08,0.9839774902788033,True,,0.05063465,120.0006,3.35944e-07,8.626551e-06
等一分钟,/Users/griffith/Downloads/ic study/code 2026/CVLabtest/analysis/等一分钟.csv,beta,2.0,120.0006,2361,6.958348110509677e-07,7.811191340419854e-09,0.22982175211425906,0.004285748024637202,8.193788681421606e-08,7.666310562221706e-09,,,2.3251202667375154e-08,0.9373783869896041,True,,0.05063465,120.0006,3.35944e-07,8.626551e-06
等一分钟,/Users/griffith/Downloads/ic study/code 2026/CVLabtest/analysis/等一分钟.csv,beta_plus_linear_drift,2.0,120.0006,2361,4.578471535793086e-05,5.633713447159474e-05,0.003170888506965528,0.003918927500473471,-4.496938030008284e-05,5.633739271322415e-05,1.9014031300420594e-09,3.033216111355159e-11,1.1281437919223665e-08,0.9852577991983201,True,,0.05063465,120.0006,3.35944e-07,8.626551e-06
等一分钟,/Users/griffith/Downloads/ic study/code 2026/CVLabtest/analysis/等一分钟.csv,beta,5.0,120.0006,2301,6.188769658940131e-07,1.603715817261836e-08,0.13104680961347506,0.004855764380487462,-1.0323760153457123e-08,1.6505588940010146e-08,,,1.4522481067991201e-08,0.9392856371064132,True,,0.05063465,120.0006,3.35944e-07,8.626551e-06
等一分钟,/Users/griffith/Downloads/ic study/code 2026/CVLabtest/analysis/等一分钟.csv,beta_plus_linear_drift,5.0,120.0006,2301,0.020300422801616005,1.9182183088022362,4.072016751706069e-06,0.00038477293515464396,-0.020299791965116023,1.9182183087998068,8.835623248826308e-10,1.124286055956555e-11,8.705273028065085e-09,0.9781840264957393,True,,0.05063465,120.0006,3.35944e-07,8.626551e-06
等三分钟,/Users/griffith/Downloads/ic study/code 2026/CVLabtest/analysis/等三分钟.csv,beta,0.2,120.0006,2397,1.2248920614945518e-06,5.6369740585844004e-09,0.4543967449514284,0.002339771207588597,1.5108584683325615e-07,2.8182339837926037e-09,,,3.742538078255882e-08,0.9725351423644782,True,,0.05063674,120.0006,3.25328e-07,9.574523e-06
等三分钟,/Users/griffith/Downloads/ic study/code 2026/CVLabtest/analysis/等三分钟.csv,beta_plus_linear_drift,0.2,120.0006,2397,1.612625769310422e-06,7.818984926470991e-09,0.3589827745211534,0.0018887178441390356,-1.4885010187906144e-07,6.220682807344356e-09,1.7204110241808902e-09,2.610365498207092e-11,2.080528077945994e-08,0.9915122601651188,True,,0.05063674,120.0006,3.25328e-07,9.574523e-06
等三分钟,/Users/griffith/Downloads/ic study/code 2026/CVLabtest/analysis/等三分钟.csv,beta,0.5,120.0006,2391,1.080464042452443e-06,6.673945246366356e-09,0.3589716846817165,0.0031564596213003115,9.539545993124112e-08,4.660171603055869e-09,,,3.7660564365662564e-08,0.9550276280158382,True,,0.05063674,120.0006,3.25328e-07,9.574523e-06
等三分钟,/Users/griffith/Downloads/ic study/code 2026/CVLabtest/analysis/等三分钟.csv,beta_plus_linear_drift,0.5,120.0006,2391,1.8057614267474538e-06,1.8115001898824023e-08,0.2164532709610327,0.002622482837190787,-5.483324108674937e-07,1.7311781160529214e-08,2.1361136059182973e-09,3.204069507791707e-11,1.9694875203050204e-08,0.987700750462493,True,,0.05063674,120.0006,3.25328e-07,9.574523e-06
等三分钟,/Users/griffith/Downloads/ic study/code 2026/CVLabtest/analysis/等三分钟.csv,beta,1.0,120.0006,2381,9.685766328285954e-07,7.697871336206998e-09,0.28768161317967295,0.0037031577073753687,4.701944222190471e-08,6.7109745949912e-09,,,3.3469094406416186e-08,0.9459401606069854,True,,0.05063674,120.0006,3.25328e-07,9.574523e-06
等三分钟,/Users/griffith/Downloads/ic study/code 2026/CVLabtest/analysis/等三分钟.csv,beta_plus_linear_drift,1.0,120.0006,2381,2.6287417226221735e-06,6.941852241460661e-08,0.10169592599013742,0.0030473720551462235,-1.548304287357209e-06,6.932990418420945e-08,2.3352857903922546e-09,3.317877261738264e-11,1.5872666987080083e-08,0.9878413141512876,True,,0.05063674,120.0006,3.25328e-07,9.574523e-06
等三分钟,/Users/griffith/Downloads/ic study/code 2026/CVLabtest/analysis/等三分钟.csv,beta,2.0,120.0006,2361,8.720108961976412e-07,1.0486245225923763e-08,0.21491762783798093,0.004261725253153826,-1.6147926588490523e-08,1.0486488231283908e-08,,,2.7455717373370486e-08,0.9400675221428666,True,,0.05063674,120.0006,3.25328e-07,9.574523e-06
等三分钟,/Users/griffith/Downloads/ic study/code 2026/CVLabtest/analysis/等三分钟.csv,beta_plus_linear_drift,2.0,120.0006,2361,0.019877049692179953,2.441624265066191,8.681774235877242e-06,0.0010664503767530789,-0.01987614861640603,2.4416242651464675,2.231853640007825e-09,1.686237392410047e-11,1.1785067478433091e-08,0.98895766828195,True,,0.05063674,120.0006,3.25328e-07,9.574523e-06
等三分钟,/Users/griffith/Downloads/ic study/code 2026/CVLabtest/analysis/等三分钟.csv,beta,5.0,120.0006,2301,8.259227664230886e-07,2.517404058341226e-08,0.11834842768744007,0.005001497956497753,-1.6579484083244417e-07,2.584424975596586e-08,,,1.827459686699956e-08,0.9378679318164825,True,,0.05063674,120.0006,3.25328e-07,9.574523e-06
等三分钟,/Users/griffith/Downloads/ic study/code 2026/CVLabtest/analysis/等三分钟.csv,beta_plus_linear_drift,5.0,120.0006,2301,0.031249652764477706,2.428255174706434,3.2590030087687704e-06,0.0002532418724104921,-0.031248963979620993,2.428255174701027,1.0615943701726591e-09,1.4250357142774904e-11,1.1137673988144982e-08,0.9769214136844208,True,,0.05063674,120.0006,3.25328e-07,9.574523e-06
等三十秒,/Users/griffith/Downloads/ic study/code 2026/CVLabtest/analysis/等三十秒.csv,beta,0.2,120.0006,2397,1.0393595853218996e-06,4.924237495086959e-09,0.4627190561202455,0.002400009248027436,1.8375191496260942e-07,2.392905452471576e-09,,,3.2975437665728363e-08,0.9710703718467566,True,,0.05063552,120.0006,3.25422e-07,8.342159e-06
等三十秒,/Users/griffith/Downloads/ic study/code 2026/CVLabtest/analysis/等三十秒.csv,beta_plus_linear_drift,0.2,120.0006,2397,1.35995456804239e-06,6.973839255883217e-09,0.36887307468391545,0.002023897376649788,-6.148103514369833e-08,5.453342045955032e-09,1.4554787795710036e-09,2.384253064383987e-11,1.9308247825502487e-08,0.9900814669788176,True,,0.05063552,120.0006,3.25422e-07,8.342159e-06
等三十秒,/Users/griffith/Downloads/ic study/code 2026/CVLabtest/analysis/等三十秒.csv,beta,0.5,120.0006,2391,9.092900587993585e-07,5.6545162302887224e-09,0.3673697851332565,0.003189149155880268,1.3995286844905254e-07,3.835525943332528e-09,,,3.256961360583118e-08,0.9536413517962835,True,,0.05063552,120.0006,3.25422e-07,8.342159e-06
等三十秒,/Users/griffith/Downloads/ic study/code 2026/CVLabtest/analysis/等三十秒.csv,beta_plus_linear_drift,0.5,120.0006,2391,1.4802939938111956e-06,1.4827502573212028e-08,0.22862065551685737,0.002762802482507755,-3.612886474677842e-07,1.4031333123965904e-08,1.7725989338231143e-09,2.8503913575045934e-11,1.7943382877350066e-08,0.9859293487284811,True,,0.05063552,120.0006,3.25422e-07,8.342159e-06
等三十秒,/Users/griffith/Downloads/ic study/code 2026/CVLabtest/analysis/等三十秒.csv,beta,1.0,120.0006,2381,8.073587347200826e-07,6.305031926102576e-09,0.2956250492898035,0.0037014468499943446,1.0260148343228576e-07,5.379899611885174e-09,,,2.847536882631863e-08,0.9451907349947322,True,,0.05063552,120.0006,3.25422e-07,8.342159e-06
等三十秒,/Users/griffith/Downloads/ic study/code 2026/CVLabtest/analysis/等三十秒.csv,beta_plus_linear_drift,1.0,120.0006,2381,1.993054992587009e-06,4.7590612515609675e-08,0.11586149000595296,0.00318230533554935,-1.027754703056387e-06,4.7448428404624555e-08,1.905549697334207e-09,2.891131909155394e-11,1.4281724675518045e-08,0.9862127841411515,True,,0.05063552,120.0006,3.25422e-07,8.342159e-06
等三十秒,/Users/griffith/Downloads/ic study/code 2026/CVLabtest/analysis/等三十秒.csv,beta,2.0,120.0006,2361,7.180190505853535e-07,8.283377738092185e-09,0.22154490708110497,0.004231534779258435,5.372411296716509e-08,8.219772901286488e-09,,,2.3002745384034087e-08,0.9399708754524799,True,,0.05063552,120.0006,3.25422e-07,8.342159e-06
等三十秒,/Users/griffith/Downloads/ic study/code 2026/CVLabtest/analysis/等三十秒.csv,beta_plus_linear_drift,2.0,120.0006,2361,0.009481264995234441,2.003541463172856,1.5297664814180977e-05,0.0032327081703363183,-0.00948045582783846,2.0035414633969473,1.895254245783933e-09,2.5750423360426423e-11,1.0416185023999044e-08,0.9876910775183074,True,,0.05063552,120.0006,3.25422e-07,8.342159e-06
等三十秒,/Users/griffith/Downloads/ic study/code 2026/CVLabtest/analysis/等三十秒.csv,beta,5.0,120.0006,2301,6.679049904785334e-07,1.917982371624115e-08,0.12194151757628913,0.004898573102562632,-6.386603593191154e-08,1.970635403646421e-08,,,1.4855862611679157e-08,0.9396943801101602,True,,0.05063552,120.0006,3.25422e-07,8.342159e-06
等三十秒,/Users/griffith/Downloads/ic study/code 2026/CVLabtest/analysis/等三十秒.csv,beta_plus_linear_drift,5.0,120.0006,2301,0.023892627358832498,1.9532386973950204,3.5201560414423133e-06,0.0002877760253918943,-0.02389200026883471,1.953238697372478,8.77603458205306e-10,1.1571989616343414e-11,9.000408258035894e-09,0.9778646467966307,True,,0.05063552,120.0006,3.25422e-07,8.342159e-06
等两分钟,/Users/griffith/Downloads/ic study/code 2026/CVLabtest/analysis/等两分钟.csv,beta,0.2,120.0006,2397,1.255346263500493e-06,5.696562052286915e-09,0.4534761173078954,0.0023080294627928453,1.4896319575291708e-07,2.8570359752815465e-09,,,3.778360449501458e-08,0.9732642868267164,True,,0.0506333,120.0006,3.25798e-07,9.574523e-06
等两分钟,/Users/griffith/Downloads/ic study/code 2026/CVLabtest/analysis/等两分钟.csv,beta_plus_linear_drift,0.2,120.0006,2397,1.640524186662339e-06,8.083996608649183e-09,0.3605586799455588,0.001923715552163349,-1.4881331177658076e-07,6.414028951224829e-09,1.710670194331338e-09,2.7094317809287815e-11,2.1650082810476102e-08,0.9912218272366861,True,,0.0506333,120.0006,3.25798e-07,9.574523e-06
等两分钟,/Users/griffith/Downloads/ic study/code 2026/CVLabtest/analysis/等两分钟.csv,beta,0.5,120.0006,2391,1.1083811816141642e-06,6.731767757884494e-09,0.3578275675950051,0.003101843319693443,9.11753002659047e-08,4.719040155496745e-09,,,3.787597723769643e-08,0.9565692082109232,True,,0.0506333,120.0006,3.25798e-07,9.574523e-06
等两分钟,/Users/griffith/Downloads/ic study/code 2026/CVLabtest/analysis/等两分钟.csv,beta_plus_linear_drift,0.5,120.0006,2391,1.8250150152480663e-06,1.8294266402159094e-08,0.21896690572849525,0.002650704369756927,-5.442235171855069e-07,1.7449253002466124e-08,2.1222260465691696e-09,3.293873632660731e-11,2.034741396431006e-08,0.9874660345004783,True,,0.0506333,120.0006,3.25798e-07,9.574523e-06
等两分钟,/Users/griffith/Downloads/ic study/code 2026/CVLabtest/analysis/等两分钟.csv,beta,1.0,120.0006,2381,9.954263314665143e-07,7.778125074035024e-09,0.28590754091818554,0.003625929300928167,3.994392420674395e-08,6.812539948506193e-09,,,3.3519309978543666e-08,0.94822867122702,True,,0.0506333,120.0006,3.25798e-07,9.574523e-06
等两分钟,/Users/griffith/Downloads/ic study/code 2026/CVLabtest/analysis/等两分钟.csv,beta_plus_linear_drift,1.0,120.0006,2381,2.6093946331710196e-06,6.719823073209192e-08,0.10472316503222291,0.0030694886119755896,-1.509599465223651e-06,6.709181768100327e-08,2.315643053748715e-09,3.390758646468542e-11,1.6333614401514672e-08,0.9877068333330755,True,,0.0506333,120.0006,3.25798e-07,9.574523e-06
等两分钟,/Users/griffith/Downloads/ic study/code 2026/CVLabtest/analysis/等两分钟.csv,beta,2.0,120.0006,2361,9.014205159123559e-07,1.0752321499359029e-08,0.21166424261501227,0.004153294405841115,-2.992397255767215e-08,1.0789710406306034e-08,,,2.7320860213924985e-08,0.9433303521503474,True,,0.0506333,120.0006,3.25798e-07,9.574523e-06
等两分钟,/Users/griffith/Downloads/ic study/code 2026/CVLabtest/analysis/等两分钟.csv,beta_plus_linear_drift,2.0,120.0006,2361,0.01926495690780835,2.3954019789958507,9.098674951572893e-06,0.0011313413533063496,-0.019264041025486556,2.395401979046817,2.2287576656521834e-09,1.771660057598406e-11,1.1966283341744888e-08,0.9891287285645605,True,,0.0506333,120.0006,3.25798e-07,9.574523e-06
等两分钟,/Users/griffith/Downloads/ic study/code 2026/CVLabtest/analysis/等两分钟.csv,beta,5.0,120.0006,2301,8.861795440285281e-07,2.8159817064875802e-08,0.11151607696793776,0.0048291688031577296,-2.150280991007817e-07,2.8860306700501727e-08,,,1.7972842845228384e-08,0.9428491484225848,True,,0.0506333,120.0006,3.25798e-07,9.574523e-06
等两分钟,/Users/griffith/Downloads/ic study/code 2026/CVLabtest/analysis/等两分钟.csv,beta_plus_linear_drift,5.0,120.0006,2301,0.028991254798070912,2.45763742072075,3.5525333246287564e-06,0.000301155037299735,-0.028990555783442302,2.4576374206897458,1.0295437988106898e-09,1.4329850979441368e-11,1.113805230620662e-08,0.9780513578187806,True,,0.0506333,120.0006,3.25798e-07,9.574523e-06
等八分钟,/Users/griffith/Downloads/ic study/code 2026/CVLabtest/analysis/等八分钟.csv,beta,0.2,120.0006,2397,1.307413525040547e-06,5.4728289016395585e-09,0.4456448239697038,0.0021357061814785065,1.2597870634004051e-07,2.8199034969387688e-09,,,3.598356597943795e-08,0.9770925638688305,True,,0.0506337,120.0006,3.11424e-07,1.004851e-05
等八分钟,/Users/griffith/Downloads/ic study/code 2026/CVLabtest/analysis/等八分钟.csv,beta_plus_linear_drift,0.2,120.0006,2397,1.6656297685261967e-06,8.200078305964588e-09,0.3616191777152913,0.0019247116002410003,-1.5191723176860652e-07,6.494179644728165e-09,1.578246012520089e-09,2.755515640832706e-11,2.205611723508267e-08,0.9913935072399472,True,,0.0506337,120.0006,3.11424e-07,1.004851e-05
等八分钟,/Users/griffith/Downloads/ic study/code 2026/CVLabtest/analysis/等八分钟.csv,beta,0.5,120.0006,2391,1.1643399701639423e-06,6.627360963059854e-09,0.3479160016177875,0.002889744033307057,5.892222292839778e-08,4.80503073951851e-09,,,3.630676394893988e-08,0.9626026908765546,True,,0.0506337,120.0006,3.11424e-07,1.004851e-05
等八分钟,/Users/griffith/Downloads/ic study/code 2026/CVLabtest/analysis/等八分钟.csv,beta_plus_linear_drift,0.5,120.0006,2391,1.85094176253487e-06,1.8498376853928112e-08,0.2196463888684264,0.0026508431809741943,-5.522214760055944e-07,1.763454476932358e-08,1.9970335494880587e-09,3.3465048434324544e-11,2.070018125094327e-08,0.9878433596822157,True,,0.0506337,120.0006,3.11424e-07,1.004851e-05
等八分钟,/Users/griffith/Downloads/ic study/code 2026/CVLabtest/analysis/等八分钟.csv,beta,1.0,120.0006,2381,1.0602803653046749e-06,7.937035822565158e-09,0.2736665089834125,0.0033664547404019577,-5.261014771919648e-09,7.167089189402805e-09,,,3.204390203355695e-08,0.9561096970133706,True,,0.0506337,120.0006,3.11424e-07,1.004851e-05
等八分钟,/Users/griffith/Downloads/ic study/code 2026/CVLabtest/analysis/等八分钟.csv,beta_plus_linear_drift,1.0,120.0006,2381,2.641075158421906e-06,6.758823958585586e-08,0.10520009514667852,0.0030656009839188153,-1.526653233467039e-06,6.747774472199576e-08,2.1937543933004656e-09,3.4391681471757206e-11,1.6584804188844632e-08,0.9882429467580262,True,,0.0506337,120.0006,3.11424e-07,1.004851e-05
等八分钟,/Users/griffith/Downloads/ic study/code 2026/CVLabtest/analysis/等八分钟.csv,beta,2.0,120.0006,2361,9.913479329933024e-07,1.1946228179115147e-08,0.19546045869467785,0.0038117968685216757,-1.0455036919869279e-07,1.21535303224926e-08,,,2.5862620895022184e-08,0.9536027610030408,True,,0.0506337,120.0006,3.11424e-07,1.004851e-05
等八分钟,/Users/griffith/Downloads/ic study/code 2026/CVLabtest/analysis/等八分钟.csv,beta_plus_linear_drift,2.0,120.0006,2361,0.019512683039622565,2.430160718366821,9.11922282067012e-06,0.0011357465721779857,-0.019511756124952612,2.4301607184858267,2.106243077204784e-09,1.7663885062079237e-11,1.1971326893504439e-08,0.990058963926997,True,,0.0506337,120.0006,3.11424e-07,1.004851e-05
等八分钟,/Users/griffith/Downloads/ic study/code 2026/CVLabtest/analysis/等八分钟.csv,beta,5.0,120.0006,2301,1.1544736175724077e-06,4.5826839375840896e-08,0.08622689171307453,0.004362058738779948,-4.7328973925975343e-07,4.661790272822263e-08,,,1.682770214597195e-08,0.955919678981324,True,,0.0506337,120.0006,3.11424e-07,1.004851e-05
等八分钟,/Users/griffith/Downloads/ic study/code 2026/CVLabtest/analysis/等八分钟.csv,beta_plus_linear_drift,5.0,120.0006,2301,0.02959281469658107,2.4558363355199293,3.5298659909939647e-06,0.00029293699278908167,-0.029592108601881398,2.4558363355888706,8.862772669645016e-10,1.4484050466958631e-11,1.130770398208599e-08,0.9800958343371002,True,,0.0506337,120.0006,3.11424e-07,1.004851e-05
等六分钟,/Users/griffith/Downloads/ic study/code 2026/CVLabtest/analysis/等六分钟.csv,beta,0.2,120.0006,2397,1.291388285543143e-06,5.6329298831202065e-09,0.4490337504782752,0.0022225539279346015,1.335668313963446e-07,2.8686334322071375e-09,,,3.717939883594613e-08,0.9752025237479607,True,,0.05063436,120.0006,3.17155e-07,9.479727e-06
等六分钟,/Users/griffith/Downloads/ic study/code 2026/CVLabtest/analysis/等六分钟.csv,beta_plus_linear_drift,0.2,120.0006,2397,1.6718308125451728e-06,8.125778454211657e-09,0.35943605752201807,0.0018945113221927573,-1.6148268738286042e-07,6.459709658062264e-09,1.6770569124321555e-09,2.715860333349605e-11,2.1662017418204993e-08,0.9915821621095081,True,,0.05063436,120.0006,3.17155e-07,9.479727e-06
等六分钟,/Users/griffith/Downloads/ic study/code 2026/CVLabtest/analysis/等六分钟.csv,beta,0.5,120.0006,2391,1.1458176470358732e-06,6.754525491178487e-09,0.3522189487386171,0.0030011765141115198,7.032673350924322e-08,4.826464179230637e-09,,,3.7446001862192786e-08,0.9595379729095109,True,,0.05063436,120.0006,3.17155e-07,9.479727e-06
等六分钟,/Users/griffith/Downloads/ic study/code 2026/CVLabtest/analysis/等六分钟.csv,beta_plus_linear_drift,0.5,120.0006,2391,1.8702179832274498e-06,1.859182541098459e-08,0.21682656844939732,0.002603211583424637,-5.743463406996081e-07,1.776240758696028e-08,2.106727624318653e-09,3.297174019683583e-11,2.028210079595134e-08,0.9881296752448648,True,,0.05063436,120.0006,3.17155e-07,9.479727e-06
等六分钟,/Users/griffith/Downloads/ic study/code 2026/CVLabtest/analysis/等六分钟.csv,beta,1.0,120.0006,2381,1.0371401863733775e-06,8.014101642072597e-09,0.2789546233929151,0.0035247360780785142,1.167261985520949e-08,7.144402784451298e-09,,,3.330914256236133e-08,0.9515886147484789,True,,0.05063436,120.0006,3.17155e-07,9.479727e-06
等六分钟,/Users/griffith/Downloads/ic study/code 2026/CVLabtest/analysis/等六分钟.csv,beta_plus_linear_drift,1.0,120.0006,2381,2.741465559204734e-06,7.2641507650488e-08,0.10097541931899617,0.0030338669336312054,-1.6295681458533048e-06,7.255376588290933e-08,2.321031448056881e-09,3.42649609995447e-11,1.6365336075738456e-08,0.9883138768180455,True,,0.05063436,120.0006,3.17155e-07,9.479727e-06
等六分钟,/Users/griffith/Downloads/ic study/code 2026/CVLabtest/analysis/等六分钟.csv,beta,2.0,120.0006,2361,9.53745273125839e-07,1.1530841802491997e-08,0.20372015269100702,0.004021951381303785,-7.126979583863313e-08,1.1655727836462642e-08,,,2.7154471865633275e-08,0.9476035045210381,True,,0.05063436,120.0006,3.17155e-07,9.479727e-06
等六分钟,/Users/griffith/Downloads/ic study/code 2026/CVLabtest/analysis/等六分钟.csv,beta_plus_linear_drift,2.0,120.0006,2361,0.02215183401079165,2.5300784882713554,8.07604958864919e-06,0.0009224189329151665,-0.022150907991962496,2.5300784883740786,2.208197241958742e-09,1.6812161101449955e-11,1.1996220088678579e-08,0.9897739392313892,True,,0.05063436,120.0006,3.17155e-07,9.479727e-06
等六分钟,/Users/griffith/Downloads/ic study/code 2026/CVLabtest/analysis/等六分钟.csv,beta,5.0,120.0006,2301,1.0005826000339196e-06,3.51351968531726e-08,0.10070147385781486,0.004685253636762685,-3.224815897857735e-07,3.5900020563946844e-08,,,1.799434000619961e-08,0.9475263195268131,True,,0.05063436,120.0006,3.17155e-07,9.479727e-06
等六分钟,/Users/griffith/Downloads/ic study/code 2026/CVLabtest/analysis/等六分钟.csv,beta_plus_linear_drift,5.0,120.0006,2301,0.02954937094762535,2.5790205046547356,3.570916379925142e-06,0.0003116652494275944,-0.02954866543505164,2.57902050468042,9.93029183218922e-10,1.4855028710768593e-11,1.1573539372950235e-08,0.9782928869158319,True,,0.05063436,120.0006,3.17155e-07,9.479727e-06
等十分钟,/Users/griffith/Downloads/ic study/code 2026/CVLabtest/analysis/等十分钟.csv,beta,0.2,120.0006,2397,1.2626826178847583e-06,6.239530664465336e-09,0.4608394943525698,0.002505342739188387,1.6106858864753282e-07,3.0515265835120366e-09,,,4.170463844259145e-08,0.9685728443480367,True,,0.05063426,120.0006,3.39701e-07,9.858915e-06
等十分钟,/Users/griffith/Downloads/ic study/code 2026/CVLabtest/analysis/等十分钟.csv,beta_plus_linear_drift,0.2,120.0006,2397,1.6993819765778053e-06,8.30451616618391e-09,0.3578761771987091,0.001900637616856184,-1.7586350955926754e-07,6.619572171474912e-09,1.9516874921723704e-09,2.7647633132855607e-11,2.1996317452318802e-08,0.9912574864664768,True,,0.05063426,120.0006,3.39701e-07,9.858915e-06
等十分钟,/Users/griffith/Downloads/ic study/code 2026/CVLabtest/analysis/等十分钟.csv,beta,0.5,120.0006,2391,1.1053614163255252e-06,7.218295468011366e-09,0.3676025526543757,0.003349253791282402,1.0939963999459288e-07,4.892301442919302e-09,,,4.15995858800387e-08,0.9490981575032114,True,,0.05063426,120.0006,3.39701e-07,9.858915e-06
等十分钟,/Users/griffith/Downloads/ic study/code 2026/CVLabtest/analysis/等十分钟.csv,beta_plus_linear_drift,0.5,120.0006,2391,1.9027519477837965e-06,1.9101305858440587e-08,0.21605824355704836,0.0026195438519226893,-5.959124622195398e-07,1.8259838569066143e-08,2.38518023063949e-09,3.368986308024811e-11,2.069243177750689e-08,0.9874055689757222,True,,0.05063426,120.0006,3.39701e-07,9.858915e-06
等十分钟,/Users/griffith/Downloads/ic study/code 2026/CVLabtest/analysis/等十分钟.csv,beta,1.0,120.0006,2381,9.796075706501398e-07,8.117003690582422e-09,0.2982923897281549,0.0039480501000191855,6.74590529381884e-08,6.8746200238245445e-09,,,3.710704266443583e-08,0.9378146899425862,True,,0.05063426,120.0006,3.39701e-07,9.858915e-06
等十分钟,/Users/griffith/Downloads/ic study/code 2026/CVLabtest/analysis/等十分钟.csv,beta_plus_linear_drift,1.0,120.0006,2381,2.7848516823565167e-06,7.456732551696386e-08,0.10093139819293866,0.003064306516052634,-1.6641160167201656e-06,7.447756445062447e-08,2.598978629678049e-09,3.5144976577177e-11,1.6783959693570225e-08,0.9872777486162416,True,,0.05063426,120.0006,3.39701e-07,9.858915e-06
等十分钟,/Users/griffith/Downloads/ic study/code 2026/CVLabtest/analysis/等十分钟.csv,beta,2.0,120.0006,2361,8.611588240640123e-07,1.0360967012393077e-08,0.22863005734409342,0.0045660541218057295,1.8942443382983357e-08,1.0183517257637979e-08,,,3.054970658067719e-08,0.9296425982287135,True,,0.05063426,120.0006,3.39701e-07,9.858915e-06
等十分钟,/Users/griffith/Downloads/ic study/code 2026/CVLabtest/analysis/等十分钟.csv,beta_plus_linear_drift,2.0,120.0006,2361,0.020769822552366684,2.5183974047039994,8.748202663895755e-06,0.001060756008003299,-0.020768890229691403,2.5183974047990487,2.4847858714737923e-09,1.8090329808100284e-11,1.247114938106775e-08,0.9882751129173328,True,,0.05063426,120.0006,3.39701e-07,9.858915e-06
等十分钟,/Users/griffith/Downloads/ic study/code 2026/CVLabtest/analysis/等十分钟.csv,beta,5.0,120.0006,2301,7.398512107081137e-07,2.002189828698706e-08,0.13927470084127933,0.005492470572848691,-6.417001549607783e-08,2.0628084191862903e-08,,,2.0692184677936805e-08,0.9220352153237708,True,,0.05063426,120.0006,3.39701e-07,9.858915e-06
等十分钟,/Users/griffith/Downloads/ic study/code 2026/CVLabtest/analysis/等十分钟.csv,beta_plus_linear_drift,5.0,120.0006,2301,0.028918934437039686,2.6706355045141543,3.710361077118462e-06,0.00034264918499967985,-0.02891822504737405,2.670635504480399,1.2539737894802804e-09,1.5396193829637148e-11,1.1917573877592082e-08,0.9741380363023808,True,,0.05063426,120.0006,3.39701e-07,9.858915e-06
等四分钟,/Users/griffith/Downloads/ic study/code 2026/CVLabtest/analysis/等四分钟.csv,beta,0.2,120.0006,2397,1.2674684803094615e-06,5.860204691775746e-09,0.45501862383821357,0.0023501013811149103,1.4970708817969953e-07,2.9235973989091623e-09,,,3.893330480081705e-08,0.9722927795369556,True,,0.05063573,120.0006,3.26737e-07,1.004851e-05
等四分钟,/Users/griffith/Downloads/ic study/code 2026/CVLabtest/analysis/等四分钟.csv,beta_plus_linear_drift,0.2,120.0006,2397,1.6612620320124471e-06,8.35450890497128e-09,0.3610903172833057,0.0019646998530507853,-1.5436079709738983e-07,6.622556403543751e-09,1.7543862783416205e-09,2.8037681302237905e-11,2.242316876249787e-08,0.9908093888464767,True,,0.05063573,120.0006,3.26737e-07,1.004851e-05
等四分钟,/Users/griffith/Downloads/ic study/code 2026/CVLabtest/analysis/等四分钟.csv,beta,0.5,120.0006,2391,1.116897857465791e-06,6.871720699009928e-09,0.36012770146199413,0.0031457491680857764,9.30585017214357e-08,4.779259094794819e-09,,,3.889005144819638e-08,0.9552512007593386,True,,0.05063573,120.0006,3.26737e-07,1.004851e-05
等四分钟,/Users/griffith/Downloads/ic study/code 2026/CVLabtest/analysis/等四分钟.csv,beta_plus_linear_drift,0.5,120.0006,2391,1.8383412243043202e-06,1.8692021375242507e-08,0.22078336274763377,0.0027107231173502623,-5.452249088221276e-07,1.7803134335573417e-08,2.159016504704751e-09,3.40838822072158e-11,2.1130118377722583e-08,0.9867898359442371,True,,0.05063573,120.0006,3.26737e-07,1.004851e-05
等四分钟,/Users/griffith/Downloads/ic study/code 2026/CVLabtest/analysis/等四分钟.csv,beta,1.0,120.0006,2381,9.999329433498957e-07,7.86242904497631e-09,0.2886967101319957,0.0036721492526965026,4.3530798813053515e-08,6.836058564801191e-09,,,3.4356338372953605e-08,0.9466927568952133,True,,0.05063573,120.0006,3.26737e-07,1.004851e-05
等四分钟,/Users/griffith/Downloads/ic study/code 2026/CVLabtest/analysis/等四分钟.csv,beta_plus_linear_drift,1.0,120.0006,2381,2.577979240067664e-06,6.621812584425291e-08,0.1077860410876566,0.0031605680736185643,-1.468525120027924e-06,6.609063159795164e-08,2.340891817075535e-09,3.5236783758579717e-11,1.7092318547448737e-08,0.9868060620881752,True,,0.05063573,120.0006,3.26737e-07,1.004851e-05
等四分钟,/Users/griffith/Downloads/ic study/code 2026/CVLabtest/analysis/等四分钟.csv,beta,2.0,120.0006,2361,8.999015111766177e-07,1.0648130321798516e-08,0.2149564796917469,0.0041927667687197195,-2.2730573989501622e-08,1.0645743573862349e-08,,,2.7896986864871816e-08,0.9418279049938356,True,,0.05063573,120.0006,3.26737e-07,1.004851e-05
等四分钟,/Users/griffith/Downloads/ic study/code 2026/CVLabtest/analysis/等四分钟.csv,beta_plus_linear_drift,2.0,120.0006,2361,0.016090423708867062,2.45133445147464,1.1018537805553506e-05,0.0016786718539455855,-0.016089501335389375,2.451334451620958,2.2760596990439484e-09,2.0856806782745792e-11,1.2603583979567806e-08,0.9881262410553406,True,,0.05063573,120.0006,3.26737e-07,1.004851e-05
等四分钟,/Users/griffith/Downloads/ic study/code 2026/CVLabtest/analysis/等四分钟.csv,beta,5.0,120.0006,2301,8.605081782242589e-07,2.602965512382081e-08,0.11650260352811223,0.004863694892527959,-1.8624545241128752e-07,2.6710887592789034e-08,,,1.826305651711194e-08,0.9413247211184969,True,,0.05063573,120.0006,3.26737e-07,1.004851e-05
等四分钟,/Users/griffith/Downloads/ic study/code 2026/CVLabtest/analysis/等四分钟.csv,beta_plus_linear_drift,5.0,120.0006,2301,0.029333372291271066,2.5036964456911837,3.54133257627008e-06,0.00030226507418042506,-0.029332669962962344,2.503696445683222,1.0568686737836376e-09,1.4539872119411302e-11,1.1318408470653176e-08,0.9774638895433139,True,,0.05063573,120.0006,3.26737e-07,1.004851e-05
