Ep,bg,bic_margin,cluster,comp,file,fit_line,fwhm,ip,order,order_src,polarity,pon,scan,solution,status,transform_mode
nan,Cv1,nan,-1,-1,Cv1,frozen,nan,nan,0.5,baseline_0.5,0,nan,-1,blank,no_peak,continuous
nan,Cv1,nan,-1,-1,Cv1,frozen_locks,nan,nan,0.5,baseline_0.5,0,nan,-1,blank,no_peak,continuous
nan,Cv1,nan,-1,-1,Cv1,joint_locks,nan,nan,0.5,baseline_0.5,0,nan,-1,blank,no_peak,continuous
nan,Cv1,nan,-1,-1,Cv1,frozen,nan,nan,0.5,baseline_0.5,0,nan,-1,blank,no_peak,per_scan
nan,Cv1,nan,-1,-1,Cv1,frozen_locks,nan,nan,0.5,baseline_0.5,0,nan,-1,blank,no_peak,per_scan
nan,Cv1,nan,-1,-1,Cv1,joint_locks,nan,nan,0.5,baseline_0.5,0,nan,-1,blank,no_peak,per_scan
0.17608330155396676,Cv1,-535.138082120405,0,0,Cv2,frozen,0.9700591702968743,2.1686927867498003e-06,0.5,baseline_0.5,1,116.17529258262822,0,sample,single_resolved,continuous
0.17927332577316615,Cv1,-345.14584611512464,1,0,Cv2,frozen,0.9699740943160668,2.183432594944005e-06,0.5,baseline_0.5,1,73.771281195993,1,sample,multi_resolved,continuous
0.18258945524381984,Cv1,-345.14584611512464,1,1,Cv2,frozen,0.9744466171932912,-2.225335757837369e-06,0.5,baseline_0.5,-1,118.65066722549341,0,sample,multi_resolved,continuous
0.589508000000662,Cv1,-345.14584611512464,1,2,Cv2,frozen,0.5686047528373922,-2.4160394788588314e-07,0.5,baseline_0.5,-1,11.082569186717343,0,sample,multi_resolved,continuous
0.18031130760179329,Cv1,-879.3284953421373,2,0,Cv2,frozen,0.9689521577221116,2.15496142193258e-06,0.5,baseline_0.5,1,75.74578025846924,2,sample,multi_resolved,continuous
0.18665630075435627,Cv1,-879.3284953421373,2,1,Cv2,frozen,0.9599577438231193,-2.1391038786412555e-06,0.5,baseline_0.5,-1,73.66433796683002,1,sample,multi_resolved,continuous
0.18007384032344267,Cv1,-874.5395110123073,3,0,Cv2,frozen,0.9676212618011185,2.1433126845785613e-06,0.5,baseline_0.5,1,80.9029965164828,3,sample,multi_resolved,continuous
0.1867799792210423,Cv1,-874.5395110123073,3,1,Cv2,frozen,0.9596872802116492,-2.136932123730188e-06,0.5,baseline_0.5,-1,76.39606664132414,2,sample,multi_resolved,continuous
0.1825679331594232,Cv1,-9.34293252034854,4,0,Cv2,frozen,1.0074995220135439,2.8186279866332953e-06,0.5,baseline_0.5,1,175.3097392284349,4,sample,unresolved_composite,continuous
0.193658958112662,Cv1,-9.34293252034854,4,1,Cv2,frozen,0.927617542228012,-1.9627869218638584e-06,0.5,baseline_0.5,-1,142.3729299997734,4,sample,unresolved_composite,continuous
0.1881509285741009,Cv1,-9.34293252034854,4,2,Cv2,frozen,1.2251857423370305,-3.651716052565481e-06,0.5,baseline_0.5,-1,123.9613504881783,3,sample,unresolved_composite,continuous
0.5944622016925495,Cv1,-9.34293252034854,4,3,Cv2,frozen,1.6677218082312688,1.5153881890090196e-06,0.5,baseline_0.5,1,78.79088067535464,4,sample,unresolved_composite,continuous
0.17608330151644178,Cv1,-535.1380821207002,0,0,Cv2,frozen_locks,0.9700591694861022,2.1686927867806632e-06,0.5,baseline_0.5,1,116.17529261118693,0,sample,single_resolved,continuous
0.17927400906594732,Cv1,-345.14584891241134,1,0,Cv2,frozen_locks,0.9699703752932591,2.183441517147387e-06,0.5,baseline_0.5,1,73.7715504255919,1,sample,multi_resolved,continuous
0.1825899993030851,Cv1,-345.14584891241134,1,1,Cv2,frozen_locks,0.9744423616488517,-2.2253272874762423e-06,0.5,baseline_0.5,-1,118.65053239601633,0,sample,multi_resolved,continuous
0.5895080000000196,Cv1,-345.14584891241134,1,2,Cv2,frozen_locks,0.5686954787497782,-2.416142408143165e-07,0.5,baseline_0.5,-1,11.082524820982627,0,sample,multi_resolved,continuous
0.18031133089658508,Cv1,-879.3284946261722,2,0,Cv2,frozen_locks,0.9689520319981074,2.15496168616108e-06,0.5,baseline_0.5,1,75.74578873346923,2,sample,multi_resolved,continuous
0.18665628127129197,Cv1,-879.3284946261722,2,1,Cv2,frozen_locks,0.9599574387628158,-2.1391039098624715e-06,0.5,baseline_0.5,-1,73.66434846402235,1,sample,multi_resolved,continuous
0.18007387718502849,Cv1,-874.5395107395332,3,0,Cv2,frozen_locks,0.9676210750193838,2.1433130705804726e-06,0.5,baseline_0.5,1,80.90300985076142,3,sample,multi_resolved,continuous
0.18677994931920236,Cv1,-874.5395107395332,3,1,Cv2,frozen_locks,0.9596868359445633,-2.1369321705448017e-06,0.5,baseline_0.5,-1,76.3960825559879,2,sample,multi_resolved,continuous
0.17584237881813583,Cv1,-1317.9324451153975,4,0,Cv2,frozen_locks,0.9537040674846613,2.5089419673981945e-06,0.5,baseline_0.5,1,168.75041940209107,4,sample,multi_resolved,continuous
0.19743514245891913,Cv1,-1317.9324451153975,4,1,Cv2,frozen_locks,0.9227481907062932,-1.94617568995961e-06,0.5,baseline_0.5,-1,141.46982582240568,4,sample,multi_resolved,continuous
0.18505233678063354,Cv1,-1317.9324451153975,4,2,Cv2,frozen_locks,0.9493672922630509,-2.1398011266823226e-06,0.5,baseline_0.5,-1,82.2549051989902,3,sample,multi_resolved,continuous
0.17404583876620489,Cv1,-501.56205338258746,0,0,Cv2,joint_locks,0.9715683819276892,2.1931310574820817e-06,0.5,baseline_0.5,1,117.44977291001223,0,sample,single_resolved,continuous
0.178654395957782,Cv1,-2.45542463351444,1,0,Cv2,joint_locks,0.9728615028841071,2.210458471645576e-06,0.5,baseline_0.5,1,74.44805859145522,1,sample,unresolved_composite,continuous
0.18120195103635323,Cv1,-2.45542463351444,1,1,Cv2,joint_locks,0.9816490971473223,-2.2540022520335997e-06,0.5,baseline_0.5,-1,119.44717280887788,0,sample,unresolved_composite,continuous
0.5407263857223338,Cv1,-2.45542463351444,1,2,Cv2,joint_locks,2.717133883205231,-2.424312233120983e-07,0.5,baseline_0.5,-1,7.850055127297922,0,sample,unresolved_composite,continuous
0.17862313399974827,Cv1,-784.5881826538471,2,0,Cv2,joint_locks,0.9732909668016141,2.205902405926561e-06,0.5,baseline_0.5,1,77.13117188542532,2,sample,multi_resolved,continuous
0.18253115599563866,Cv1,-784.5881826538471,2,1,Cv2,joint_locks,0.9678994533867739,-2.182406684008437e-06,0.5,baseline_0.5,-1,74.61096801250191,1,sample,multi_resolved,continuous
0.17832932951648645,Cv1,-778.1492610693771,3,0,Cv2,joint_locks,0.9727095403741551,2.1981346414982353e-06,0.5,baseline_0.5,1,82.49661566364604,3,sample,multi_resolved,continuous
0.18263029876055545,Cv1,-778.1492610693771,3,1,Cv2,joint_locks,0.9674792865939924,-2.178821929550012e-06,0.5,baseline_0.5,-1,77.3382436034032,2,sample,multi_resolved,continuous
0.17977405300830082,Cv1,-118.88104322725007,4,0,Cv2,joint_locks,0.9821352687831252,2.2539806455273592e-06,0.5,baseline_0.5,1,155.4368920480095,4,sample,multi_resolved,continuous
0.179690662121517,Cv1,-118.88104322725007,4,1,Cv2,joint_locks,0.9523855654546243,-2.0646496921663674e-06,0.5,baseline_0.5,-1,147.25439158327652,4,sample,multi_resolved,continuous
0.18305950761762582,Cv1,-118.88104322725007,4,2,Cv2,joint_locks,0.9568194392754675,-2.1217047910113008e-06,0.5,baseline_0.5,-1,81.284313891799,3,sample,multi_resolved,continuous
0.5944620000015274,Cv1,-118.88104322725007,4,3,Cv2,joint_locks,2.3206308461622775,-3.609971507652085e-07,0.5,baseline_0.5,-1,15.853668813785575,4,sample,multi_resolved,continuous
0.4309839999984726,Cv1,-118.88104322725007,4,4,Cv2,joint_locks,11.860087166914164,1.2863816577360974e-06,0.5,baseline_0.5,1,26.218447609714314,4,sample,multi_resolved,continuous
0.17608330154699034,Cv1,-535.1380821204029,0,0,Cv2,frozen,0.9700591702996797,2.168692786732483e-06,0.5,baseline_0.5,1,116.17529258224292,0,sample,single_resolved,per_scan
0.19238235520342142,Cv1,-316.5027141637556,1,0,Cv2,frozen,1.124498371148184,2.7837775311988556e-06,0.5,baseline_0.5,1,82.7236457089754,1,sample,single_resolved,per_scan
0.19316014633767953,Cv1,-305.0844921175956,2,0,Cv2,frozen,1.1355087535091886,2.816327904042252e-06,0.5,baseline_0.5,1,80.49839436494777,2,sample,single_resolved,per_scan
0.19401279280823525,Cv1,-294.8756337414206,3,0,Cv2,frozen,1.1367810282272615,2.8205633766785207e-06,0.5,baseline_0.5,1,82.56162647746453,3,sample,single_resolved,per_scan
0.19305572046844535,Cv1,-298.4267702091657,4,0,Cv2,frozen,1.1442123766158034,2.83922009169995e-06,0.5,baseline_0.5,1,161.2379098306782,4,sample,single_resolved,per_scan
0.18939006082024631,Cv1,-89.30757352826731,5,0,Cv2,frozen,0.9336725806327516,-1.960978555433898e-06,0.5,baseline_0.5,-1,129.08284436730816,4,sample,multi_resolved,per_scan
0.5498770000015276,Cv1,-89.30757352826731,5,1,Cv2,frozen,1.3948581270888234,-1.7113431721250192e-07,0.5,baseline_0.5,-1,8.606821336025735,4,sample,multi_resolved,per_scan
0.1760833015147112,Cv1,-535.1380821206988,0,0,Cv2,frozen_locks,0.9700591694862737,2.1686927867764586e-06,0.5,baseline_0.5,1,116.175292611138,0,sample,single_resolved,per_scan
0.19484995775260455,Cv1,-16.93296967116879,1,0,Cv2,frozen_locks,1.1001101302667473,2.8188153151563498e-06,0.5,baseline_0.5,1,83.33510667026997,1,sample,single_resolved,per_scan
0.1931599363293204,Cv1,-305.08449211272807,2,0,Cv2,frozen_locks,1.1355077779696818,2.816327455089025e-06,0.5,baseline_0.5,1,80.49843949475184,2,sample,single_resolved,per_scan
0.19401284799048563,Cv1,-294.8756337429969,3,0,Cv2,frozen_locks,1.1367817840134806,2.8205633499067556e-06,0.5,baseline_0.5,1,82.56159780058695,3,sample,single_resolved,per_scan
0.19588306186613444,Cv1,-14.234228294346309,4,0,Cv2,frozen_locks,1.115281750865954,2.8816575414629136e-06,0.5,baseline_0.5,1,162.6089079080573,4,sample,single_resolved,per_scan
0.1882976151711585,Cv1,-191.73836147419468,5,0,Cv2,frozen_locks,0.9348884166410835,-1.9665815662358934e-06,0.5,baseline_0.5,-1,129.35815105831205,4,sample,multi_resolved,per_scan
0.5944620000028437,Cv1,-191.73836147419468,5,1,Cv2,frozen_locks,0.366182158421662,-1.210859380925572e-07,0.5,baseline_0.5,-1,9.558665498589884,4,sample,multi_resolved,per_scan
0.1740458387640845,Cv1,-501.5620533825859,0,0,Cv2,joint_locks,0.9715683819260357,2.193131057492833e-06,0.5,baseline_0.5,1,117.4497729108402,0,sample,single_resolved,per_scan
0.18859753492710435,Cv1,-258.5191364385249,1,0,Cv2,joint_locks,1.3343933586390009,3.6327276192837424e-06,0.5,baseline_0.5,1,99.61788880297581,1,sample,single_resolved,per_scan
0.18918622630804668,Cv1,-246.51315918232092,2,0,Cv2,joint_locks,1.3542046594569925,3.6899957735789293e-06,0.5,baseline_0.5,1,97.20233417082018,2,sample,single_resolved,per_scan
0.18955582392718182,Cv1,-236.39909369826393,3,0,Cv2,joint_locks,1.3630846588108028,3.715022847740704e-06,0.5,baseline_0.5,1,100.07272322024546,3,sample,single_resolved,per_scan
0.18954050766937883,Cv1,-238.98768425335146,4,0,Cv2,joint_locks,1.3673351052499871,3.723908206093587e-06,0.5,baseline_0.5,1,194.68071850847656,4,sample,single_resolved,per_scan
0.1830213473324076,Cv1,-92.0054307804487,5,0,Cv2,joint_locks,0.942703643940978,-2.02468504108881e-06,0.5,baseline_0.5,-1,132.36254812100697,4,sample,multi_resolved,per_scan
0.5944620000015274,Cv1,-92.0054307804487,5,1,Cv2,joint_locks,1.6284651949680229,-1.6428754316664013e-07,0.5,baseline_0.5,-1,8.168066133497216,4,sample,multi_resolved,per_scan
0.18054862810999012,Cv1,-516.3251013544889,0,0,Cv2,frozen,0.9388152105408054,2.2151214692855963e-06,0.5563980654881306,ca_beta,1,110.29370179714546,0,sample,single_resolved,continuous
nan,Cv1,-72.59550663687077,1,-1,Cv2,frozen,nan,nan,0.5563980654881306,ca_beta,0,nan,0,sample,rejected_noise,continuous
0.18850155657485873,Cv1,-835.1541660494022,2,0,Cv2,frozen,0.9443691649539091,2.327760576014071e-06,0.5563980654881306,ca_beta,1,65.40778703915709,1,sample,multi_resolved,continuous
0.18006439830535279,Cv1,-835.1541660494022,2,1,Cv2,frozen,0.9267138471223176,-2.1247007651002784e-06,0.5563980654881306,ca_beta,-1,107.42439723120569,0,sample,multi_resolved,continuous
0.1886400242040529,Cv1,-847.8118128484277,3,0,Cv2,frozen,0.9411486075021117,2.2929460485678385e-06,0.5563980654881306,ca_beta,1,70.84291293092397,2,sample,multi_resolved,continuous
0.17979594569653004,Cv1,-847.8118128484277,3,1,Cv2,frozen,0.9271213171069199,-2.1258377420611134e-06,0.5563980654881306,ca_beta,-1,62.82604013903612,1,sample,multi_resolved,continuous
0.18854056303332106,Cv1,-850.9759505376915,4,0,Cv2,frozen,0.9406688194258158,2.2834800402269246e-06,0.5563980654881306,ca_beta,1,73.40789494716827,3,sample,multi_resolved,continuous
0.1800738377317244,Cv1,-850.9759505376915,4,1,Cv2,frozen,0.9266900097722613,-2.1205971042430503e-06,0.5563980654881306,ca_beta,-1,68.5317958668565,2,sample,multi_resolved,continuous
0.18806711395725437,Cv1,-843.3619076220788,5,0,Cv2,frozen,0.941943029648382,2.290760103935777e-06,0.5563980654881306,ca_beta,1,128.37726100665722,4,sample,multi_resolved,continuous
0.1800515169346736,Cv1,-843.3619076220788,5,1,Cv2,frozen,0.9265783118696942,-2.116211711260653e-06,0.5563980654881306,ca_beta,-1,71.06277286863607,3,sample,multi_resolved,continuous
nan,Cv1,-119.55843447196361,6,-1,Cv2,frozen,nan,nan,0.5563980654881306,ca_beta,0,nan,4,sample,rejected_noise,continuous
0.17326807352483828,Cv1,-554.0937108809331,7,0,Cv2,frozen,0.9183495581241843,-2.0447693460951047e-06,0.5563980654881306,ca_beta,-1,120.49365300785281,4,sample,single_resolved,continuous
0.1805486291041469,Cv1,-516.3251013546283,0,0,Cv2,frozen_locks,0.9388152122264979,2.215121469985222e-06,0.5563980654881306,ca_beta,1,110.29370175623613,0,sample,single_resolved,continuous
nan,Cv1,-72.59267200439677,1,-1,Cv2,frozen_locks,nan,nan,0.5563980654881306,ca_beta,0,nan,0,sample,rejected_noise,continuous
0.1885015564073617,Cv1,-835.1541655856472,2,0,Cv2,frozen_locks,0.9443691509745499,2.3277605871839716e-06,0.5563980654881306,ca_beta,1,65.40778750871472,1,sample,multi_resolved,continuous
0.18006439754180434,Cv1,-835.1541655856472,2,1,Cv2,frozen_locks,0.9267138332490035,-2.1247007711294373e-06,0.5563980654881306,ca_beta,-1,107.424398069647,0,sample,multi_resolved,continuous
0.18864002906344937,Cv1,-847.8118128573612,3,0,Cv2,frozen_locks,0.9411485290661326,2.292946165670618e-06,0.5563980654881306,ca_beta,1,70.84291582865734,2,sample,multi_resolved,continuous
0.17979593887134784,Cv1,-847.8118128573612,3,1,Cv2,frozen_locks,0.9271211729390774,-2.1258377970176245e-06,0.5563980654881306,ca_beta,-1,62.82604514106046,1,sample,multi_resolved,continuous
0.18854057751358716,Cv1,-850.9759501102927,4,0,Cv2,frozen_locks,0.94067119669987,2.283478098963181e-06,0.5563980654881306,ca_beta,1,73.40781155717042,3,sample,multi_resolved,continuous
0.1800738864075537,Cv1,-850.9759501102927,4,1,Cv2,frozen_locks,0.9266914969599515,-2.1205963499225153e-06,0.5563980654881306,ca_beta,-1,68.53173452345537,2,sample,multi_resolved,continuous
0.1880671188310622,Cv1,-843.3619076009079,5,0,Cv2,frozen_locks,0.9419429049634074,2.290760222043869e-06,0.5563980654881306,ca_beta,1,128.37726863717904,4,sample,multi_resolved,continuous
0.18005151157380012,Cv1,-843.3619076009079,5,1,Cv2,frozen_locks,0.9265782081669602,-2.1162117597732294e-06,0.5563980654881306,ca_beta,-1,71.06277710460904,3,sample,multi_resolved,continuous
nan,Cv1,-119.55704030355531,6,-1,Cv2,frozen_locks,nan,nan,0.5563980654881306,ca_beta,0,nan,4,sample,rejected_noise,continuous
0.17326807384248002,Cv1,-554.0937108807473,7,0,Cv2,frozen_locks,0.9183495568838766,-2.044769346009335e-06,0.5563980654881306,ca_beta,-1,120.49365307661058,4,sample,single_resolved,continuous
0.17843775291021702,Cv1,-477.5279422889839,0,0,Cv2,joint_locks,0.939222362843206,2.22019727789648e-06,0.5563980654881306,ca_beta,1,110.69504358457753,0,sample,single_resolved,continuous
nan,Cv1,-137.64895065924418,1,-1,Cv2,joint_locks,nan,nan,0.5563980654881306,ca_beta,0,nan,0,sample,rejected_noise,continuous
0.18585861311364274,Cv1,-767.4182411438677,2,0,Cv2,joint_locks,0.949750403246047,2.3719479827905755e-06,0.5563980654881306,ca_beta,1,66.31563373960914,1,sample,multi_resolved,continuous
0.1771538148273824,Cv1,-767.4182411438677,2,1,Cv2,joint_locks,0.9290319475692382,-2.1573617435693265e-06,0.5563980654881306,ca_beta,-1,108.43872842419383,0,sample,multi_resolved,continuous
0.18563179702196,Cv1,-780.1936680517766,3,0,Cv2,joint_locks,0.9469949007961649,2.3423411243346505e-06,0.5563980654881306,ca_beta,1,71.95923673289631,2,sample,multi_resolved,continuous
0.1770074607775991,Cv1,-780.1936680517766,3,1,Cv2,joint_locks,0.9291097235432733,-2.1557743550505556e-06,0.5563980654881306,ca_beta,-1,63.36245531399112,1,sample,multi_resolved,continuous
0.18548179463158762,Cv1,-783.9241440117416,4,0,Cv2,joint_locks,0.9471392338375328,2.3363669868084892e-06,0.5563980654881306,ca_beta,1,74.63335423686335,3,sample,multi_resolved,continuous
0.1773425908008821,Cv1,-783.9241440117416,4,1,Cv2,joint_locks,0.9281972545149277,-2.1466989434265618e-06,0.5563980654881306,ca_beta,-1,69.03749278121872,2,sample,multi_resolved,continuous
0.18545289036259716,Cv1,-774.4427495793411,5,0,Cv2,joint_locks,0.9467645738687334,2.3324583062296796e-06,0.5563980654881306,ca_beta,1,130.10605852176204,4,sample,multi_resolved,continuous
0.17733426012511092,Cv1,-774.4427495793411,5,1,Cv2,joint_locks,0.9285645746997684,-2.1451959685582405e-06,0.5563980654881306,ca_beta,-1,71.65743126505674,3,sample,multi_resolved,continuous
nan,Cv1,-171.3245608223515,6,-1,Cv2,joint_locks,nan,nan,0.5563980654881306,ca_beta,0,nan,4,sample,rejected_noise,continuous
0.17357354567186944,Cv1,-526.4952015846462,7,0,Cv2,joint_locks,0.9204864998066039,-2.076676221118272e-06,0.5563980654881306,ca_beta,-1,121.91638913328136,4,sample,single_resolved,continuous
0.180548628093823,Cv1,-516.3251013544882,0,0,Cv2,frozen,0.9388152105485644,2.215121469184558e-06,0.5563980654881306,ca_beta,1,110.29370179439672,0,sample,single_resolved,per_scan
nan,Cv1,-72.5955119104238,1,-1,Cv2,frozen,nan,nan,0.5563980654881306,ca_beta,0,nan,0,sample,rejected_noise,per_scan
0.1934208982107163,Cv1,-318.3640008148563,2,0,Cv2,frozen,1.0831157860041667,2.9005120768297177e-06,0.5563980654881306,ca_beta,1,72.63154084563392,1,sample,single_resolved,per_scan
0.19429820455528105,Cv1,-307.0849490078149,3,0,Cv2,frozen,1.094796197012622,2.941726996817053e-06,0.5563980654881306,ca_beta,1,72.19407042237962,2,sample,single_resolved,per_scan
0.19695006797130252,Cv1,-12.336132227699238,4,0,Cv2,frozen,1.06907066065561,3.000013584203113e-06,0.5563980654881306,ca_beta,1,80.33137221730438,3,sample,single_resolved,per_scan
0.19407915303728757,Cv1,-300.2588395361489,5,0,Cv2,frozen,1.1044782126695347,2.971248111394229e-06,0.5563980654881306,ca_beta,1,141.15136964219204,4,sample,single_resolved,per_scan
nan,Cv1,-109.7349364857231,6,-1,Cv2,frozen,nan,nan,0.5563980654881306,ca_beta,0,nan,4,sample,rejected_noise,per_scan
0.1732989975486223,Cv1,-553.9803496919575,7,0,Cv2,frozen,0.9182500724811604,-2.0441513232238276e-06,0.5563980654881306,ca_beta,-1,114.07171434790429,4,sample,single_resolved,per_scan
0.18054862845203967,Cv1,-516.3251013546252,0,0,Cv2,frozen_locks,0.9388152122641553,2.2151214683823584e-06,0.5563980654881306,ca_beta,1,110.29370175475358,0,sample,single_resolved,per_scan
nan,Cv1,-72.592672080397,1,-1,Cv2,frozen_locks,nan,nan,0.5563980654881306,ca_beta,0,nan,0,sample,rejected_noise,per_scan
0.19342090859582903,Cv1,-318.3640008155734,2,0,Cv2,frozen_locks,1.0831158941792842,2.9005120765948333e-06,0.5563980654881306,ca_beta,1,72.63153723455424,1,sample,single_resolved,per_scan
0.1942982129081821,Cv1,-307.0849490088451,3,0,Cv2,frozen_locks,1.0947963624312747,2.9417269685798204e-06,0.5563980654881306,ca_beta,1,72.19406550951382,2,sample,single_resolved,per_scan
0.19502100184666363,Cv1,-296.6825239624592,4,0,Cv2,frozen_locks,1.0976055129162339,2.9521545140239556e-06,0.5563980654881306,ca_beta,1,79.7214743041145,3,sample,single_resolved,per_scan
0.19407967195416378,Cv1,-300.25883954790646,5,0,Cv2,frozen_locks,1.1044813518369978,2.971249203720751e-06,0.5563980654881306,ca_beta,1,141.15111827809585,4,sample,single_resolved,per_scan
nan,Cv1,-109.71526207598299,6,-1,Cv2,frozen_locks,nan,nan,0.5563980654881306,ca_beta,0,nan,4,sample,rejected_noise,per_scan
0.17329899784892863,Cv1,-553.9803496917593,7,0,Cv2,frozen_locks,0.9182500711747081,-2.0441513231839777e-06,0.5563980654881306,ca_beta,-1,114.07171441646709,4,sample,single_resolved,per_scan
0.1784377530232652,Cv1,-477.52794228898324,0,0,Cv2,joint_locks,0.9392223628604013,2.2201972783537112e-06,0.5563980654881306,ca_beta,1,110.69504359115305,0,sample,single_resolved,per_scan
nan,Cv1,-137.64913059006858,1,-1,Cv2,joint_locks,nan,nan,0.5563980654881306,ca_beta,0,nan,0,sample,rejected_noise,per_scan
0.18974284099940475,Cv1,-259.95412110462553,2,0,Cv2,joint_locks,1.2674435211644692,3.7486616042747778e-06,0.5563980654881306,ca_beta,1,85.97622701155672,1,sample,single_resolved,per_scan
0.19027900110833695,Cv1,-248.2124270762501,3,0,Cv2,joint_locks,1.2980884971745132,3.853479071455192e-06,0.5563980654881306,ca_beta,1,86.24900073008929,2,sample,single_resolved,per_scan
0.19062998289125171,Cv1,-237.95623679247086,4,0,Cv2,joint_locks,1.3079363295737072,3.883780448422234e-06,0.5563980654881306,ca_beta,1,95.5255557952459,3,sample,single_resolved,per_scan
0.19062090508728688,Cv1,-240.47124467731902,5,0,Cv2,joint_locks,1.3118570767520685,3.89326722848316e-06,0.5563980654881306,ca_beta,1,168.49315194919458,4,sample,single_resolved,per_scan
nan,Cv1,-166.53899122674648,6,-1,Cv2,joint_locks,nan,nan,0.5563980654881306,ca_beta,0,nan,4,sample,rejected_noise,per_scan
0.17358860984114835,Cv1,-526.4279124731074,7,0,Cv2,joint_locks,0.9203860925301676,-2.076075857041112e-06,0.5563980654881306,ca_beta,-1,115.41932250048679,4,sample,single_resolved,per_scan
0.356677000001528,Cv1,-56.41184217637419,0,0,Cv3,frozen,5.375882382910666,-6.797715947477504e-07,0.5,baseline_0.5,-1,34.97575407287729,0,blank,multi_resolved,continuous
0.18329200000152787,Cv1,-56.41184217637419,0,1,Cv3,frozen,5.924338148609636,6.161374903626538e-07,0.5,baseline_0.5,1,28.568697425536705,0,blank,multi_resolved,continuous
0.5647379999984723,Cv1,-56.41184217637419,0,2,Cv3,frozen,0.3860510524625062,3.0545714282017664e-08,0.5,baseline_0.5,1,5.589249406679611,0,blank,multi_resolved,continuous
0.5746459994555004,Cv1,-130.81422106097966,1,0,Cv3,frozen,1.0349742520264438,-6.36587165644473e-08,0.5,baseline_0.5,-1,5.394812539757009,2,blank,single_resolved,continuous
nan,Cv1,nan,2,-1,Cv3,frozen,nan,nan,0.5,baseline_0.5,0,nan,3,blank,no_peak,continuous
0.41532362151651914,Cv1,-14.747919524985491,0,0,Cv3,frozen_locks,6.132231491266401,-7.582040596437677e-07,0.5,baseline_0.5,-1,38.329764898419306,0,blank,multi_resolved,continuous
0.2823689999984665,Cv1,-14.747919524985491,0,1,Cv3,frozen_locks,8.1296969090516,7.049717899884066e-07,0.5,baseline_0.5,1,31.070922349431523,0,blank,multi_resolved,continuous
0.5647379999984723,Cv1,-14.747919524985491,0,2,Cv3,frozen_locks,0.5901501161069219,3.5586615045133065e-08,0.5,baseline_0.5,1,5.245821641389906,0,blank,multi_resolved,continuous
0.5746459991488814,Cv1,-130.8142203126929,1,0,Cv3,frozen_locks,1.0349980706445632,-6.365841541507084e-08,0.5,baseline_0.5,-1,5.39477330481655,2,blank,single_resolved,continuous
nan,Cv1,nan,2,-1,Cv3,frozen_locks,nan,nan,0.5,baseline_0.5,0,nan,3,blank,no_peak,continuous
0.45575399999847205,Cv1,-14.248159080641699,0,0,Cv3,joint_locks,3.835369913993522,-2.4280758803966324e-07,0.5,baseline_0.5,-1,14.541686801545481,0,blank,multi_resolved,continuous
0.5647371949302182,Cv1,-14.248159080641699,0,1,Cv3,joint_locks,0.44468473169094136,6.215610363734569e-08,0.5,baseline_0.5,1,10.520917432322806,0,blank,multi_resolved,continuous
0.530061999998472,Cv1,-14.248159080641699,0,2,Cv3,joint_locks,0.4385427821954176,-5.595950048635232e-08,0.5,baseline_0.5,-1,9.504971843383437,0,blank,multi_resolved,continuous
0.574645999998108,Cv1,-96.84516006219087,1,0,Cv3,joint_locks,1.3730024412624295,-9.273626697151823e-08,0.5,baseline_0.5,-1,6.79964281619067,2,blank,single_resolved,continuous
0.014861550001527645,Cv1,-2.026602952471876,2,0,Cv3,joint_locks,0.37055737673801226,1.670991877865202e-08,0.5,baseline_0.5,1,5.04554499798448,3,blank,unresolved_composite,continuous
0.2774150000015277,Cv1,-2.026602952471876,2,1,Cv3,joint_locks,2.5637645687675277,6.460483500102761e-08,0.5,baseline_0.5,1,7.393449993066089,3,blank,unresolved_composite,continuous
0.49043099999847234,Cv1,-2.026602952471876,2,2,Cv3,joint_locks,3.181102332712896,6.69211998987529e-08,0.5,baseline_0.5,1,6.87186481600858,3,blank,unresolved_composite,continuous
0.356677000001528,Cv1,-56.664268060762424,0,0,Cv3,frozen,5.484552279010322,-7.14504686861497e-07,0.5,baseline_0.5,-1,36.481647275557386,0,blank,multi_resolved,per_scan
0.18329200000152787,Cv1,-56.664268060762424,0,1,Cv3,frozen,6.143680752718571,6.538350078898936e-07,0.5,baseline_0.5,1,30.103306239920027,0,blank,multi_resolved,per_scan
0.5647379999984723,Cv1,-56.664268060762424,0,2,Cv3,frozen,0.38857053880597675,3.068396474809257e-08,0.5,baseline_0.5,1,5.593788458819995,0,blank,multi_resolved,per_scan
0.5746459999697302,Cv1,-131.57612237012472,1,0,Cv3,frozen,1.0391883251035068,-6.401800180312836e-08,0.5,baseline_0.5,-1,5.40869225364171,2,blank,single_resolved,per_scan
0.5746460000019543,Cv1,-385.29415175027634,2,0,Cv3,frozen,0.4869948336312733,-9.624457333008041e-08,0.5,baseline_0.5,-1,10.03074569562944,3,blank,single_resolved,per_scan
0.4151800665850086,Cv1,-14.608532428820354,0,0,Cv3,frozen_locks,6.131165859908472,-7.563543361426664e-07,0.5,baseline_0.5,-1,38.23476444710706,0,blank,multi_resolved,per_scan
0.282368999998473,Cv1,-14.608532428820354,0,1,Cv3,frozen_locks,8.131993779034426,7.032767437969883e-07,0.5,baseline_0.5,1,30.982955790439483,0,blank,multi_resolved,per_scan
0.5647379999984723,Cv1,-14.608532428820354,0,2,Cv3,frozen_locks,0.5964509812552818,3.608328124587849e-08,0.5,baseline_0.5,1,5.290250330467277,0,blank,multi_resolved,per_scan
0.574645998427116,Cv1,-131.57612303853648,1,0,Cv3,frozen_locks,1.0391317423632882,-6.401895707543922e-08,0.5,baseline_0.5,-1,5.408779597685833,2,blank,single_resolved,per_scan
0.5746460000004442,Cv1,-385.29620022666745,2,0,Cv3,frozen_locks,0.4885262730658245,-9.628341891651184e-08,0.5,baseline_0.5,-1,10.03201014960868,3,blank,single_resolved,per_scan
0.45575399999845284,Cv1,-14.262660216383438,0,0,Cv3,joint_locks,3.835998578462161,-2.428594329993797e-07,0.5,baseline_0.5,-1,14.543801893919353,0,blank,multi_resolved,per_scan
0.5647379883433564,Cv1,-14.262660216383438,0,1,Cv3,joint_locks,0.44516097089525786,6.207758510850111e-08,0.5,baseline_0.5,1,10.503687971264668,0,blank,multi_resolved,per_scan
0.530061999998472,Cv1,-14.262660216383438,0,2,Cv3,joint_locks,0.4376718307497533,-5.5903789603490485e-08,0.5,baseline_0.5,-1,9.50308776020215,0,blank,multi_resolved,per_scan
0.5746459999995712,Cv1,-97.18829664977306,1,0,Cv3,joint_locks,1.3795815140277028,-9.321941051263957e-08,0.5,baseline_0.5,-1,6.816407270493084,2,blank,single_resolved,per_scan
0.5746466960514541,Cv1,-10.071673084198665,2,0,Cv3,joint_locks,0.37895857743369515,-1.2625164497783492e-07,0.5,baseline_0.5,-1,13.672883984796679,3,blank,single_resolved,per_scan
0.17459386110180172,Cv3,-517.8331557935842,0,0,Cv4,frozen,0.9630967697128573,2.1434943669661774e-06,0.5,baseline_0.5,1,73.23577735468206,0,sample,single_resolved,continuous
0.18398678265619361,Cv3,-824.5526059122266,1,0,Cv4,frozen,0.9733860186457984,2.304030965709611e-06,0.5,baseline_0.5,1,74.16320854762724,1,sample,multi_resolved,continuous
0.16941695851615052,Cv3,-824.5526059122266,1,1,Cv4,frozen,0.9598522992366979,-2.64074132273684e-06,0.5,baseline_0.5,-1,83.14301441357202,0,sample,multi_resolved,continuous
0.18102259207135024,Cv3,-845.2919529935091,2,0,Cv4,frozen,0.970635387427279,2.180369857823295e-06,0.5,baseline_0.5,1,97.68080807279259,2,sample,multi_resolved,continuous
0.18542471177042347,Cv3,-845.2919529935091,2,1,Cv4,frozen,0.9659277615500951,-2.1732977275813563e-06,0.5,baseline_0.5,-1,72.81243242449246,1,sample,multi_resolved,continuous
0.17833039146344015,Cv3,-24.925208905139243,3,0,Cv4,frozen,0.9693132479000061,2.1892705929771287e-06,0.5,baseline_0.5,1,82.35309625664328,3,sample,multi_resolved,continuous
0.18118714028598676,Cv3,-24.925208905139243,3,1,Cv4,frozen,0.9836570322202064,-2.2735101507084703e-06,0.5,baseline_0.5,-1,101.79071603125665,2,sample,multi_resolved,continuous
0.5994147437715961,Cv3,-24.925208905139243,3,2,Cv4,frozen,0.4455859726374492,-1.0391911822345175e-06,0.5,baseline_0.5,-1,61.04654834796177,2,sample,multi_resolved,continuous
0.59699676173696,Cv3,-24.925208905139243,3,3,Cv4,frozen,0.4433426488965728,8.012482945035579e-07,0.5,baseline_0.5,1,49.42148909854519,2,sample,multi_resolved,continuous
0.176192432443284,Cv3,-1317.1318111662217,4,0,Cv4,frozen,0.9816429946257641,2.5515347604232953e-06,0.5,baseline_0.5,1,90.55307439085496,4,sample,multi_resolved,continuous
0.1706966535891685,Cv3,-1317.1318111662217,4,1,Cv4,frozen,0.9516776669650197,-2.483776161489957e-06,0.5,baseline_0.5,-1,89.45164855890327,3,sample,multi_resolved,continuous
0.17459386110117686,Cv3,-517.8331557935838,0,0,Cv4,frozen_locks,0.9630967697094501,2.1434943669644215e-06,0.5,baseline_0.5,1,73.23577735475644,0,sample,single_resolved,continuous
0.18398678272249178,Cv3,-824.5526053382503,1,0,Cv4,frozen_locks,0.9733860188513419,2.304030967102953e-06,0.5,baseline_0.5,1,74.16320856229146,1,sample,multi_resolved,continuous
0.16941695858131187,Cv3,-824.5526053382503,1,1,Cv4,frozen_locks,0.9598522990171674,-2.6407413227291786e-06,0.5,baseline_0.5,-1,83.1430144277916,0,sample,multi_resolved,continuous
0.18102260515727064,Cv3,-845.2919530257659,2,0,Cv4,frozen_locks,0.9706352929756622,2.1803700350293634e-06,0.5,baseline_0.5,1,97.68081570153598,2,sample,multi_resolved,continuous
0.18542470328357935,Cv3,-845.2919530257659,2,1,Cv4,frozen_locks,0.9659275669971777,-2.1732977167599522e-06,0.5,baseline_0.5,-1,72.81243889011026,1,sample,multi_resolved,continuous
0.17861268314157,Cv3,-390.2010990573069,3,0,Cv4,frozen_locks,0.9676909642382113,2.179629952642833e-06,0.5,baseline_0.5,1,82.08437403805968,3,sample,multi_resolved,continuous
0.1796910062347142,Cv3,-390.2010990573069,3,1,Cv4,frozen_locks,0.9885130909915334,-2.3094288507270674e-06,0.5,baseline_0.5,-1,102.74324222986793,2,sample,multi_resolved,continuous
0.5994149998855461,Cv3,-390.2010990573069,3,2,Cv4,frozen_locks,1.0965575573079136,-3.5481954599914253e-07,0.5,baseline_0.5,-1,12.640634419245144,2,sample,multi_resolved,continuous
0.17619189880001848,Cv3,-1317.131814068932,4,0,Cv4,frozen_locks,0.9816471846874668,2.5515162091191325e-06,0.5,baseline_0.5,1,90.55263381049386,4,sample,multi_resolved,continuous
0.17069610568066135,Cv3,-1317.131814068932,4,1,Cv4,frozen_locks,0.9516804782058226,-2.483770865481083e-06,0.5,baseline_0.5,-1,89.45128091089849,3,sample,multi_resolved,continuous
0.17287103393225958,Cv3,-480.2994137967681,0,0,Cv4,joint_locks,0.9636915690908798,2.161868566883907e-06,0.5,baseline_0.5,1,73.8652401568206,0,sample,single_resolved,continuous
0.17342967790586344,Cv3,-794.4284104749249,1,0,Cv4,joint_locks,1.1602729893041415,3.20621099773856e-06,0.5,baseline_0.5,1,89.9886822559879,1,sample,multi_resolved,continuous
0.18514513921052944,Cv3,-794.4284104749249,1,1,Cv4,joint_locks,0.937827562413193,-2.05461632784356e-06,0.5,baseline_0.5,-1,71.39415580196584,0,sample,multi_resolved,continuous
0.17920403955920183,Cv3,-742.209856698822,2,0,Cv4,joint_locks,0.9762006647216062,2.23654280360437e-06,0.5,baseline_0.5,1,99.57705178355086,2,sample,multi_resolved,continuous
0.1814135808563493,Cv3,-742.209856698822,2,1,Cv4,joint_locks,0.9731286509308986,-2.215746310535709e-06,0.5,baseline_0.5,-1,73.71316957951905,1,sample,multi_resolved,continuous
0.17809456858144557,Cv3,-53.08165549478372,3,0,Cv4,joint_locks,0.9704756432735857,2.1991882627534494e-06,0.5,baseline_0.5,1,82.62942616480119,3,sample,multi_resolved,continuous
0.18124877384678287,Cv3,-53.08165549478372,3,1,Cv4,joint_locks,0.983089333645687,-2.2697823510653697e-06,0.5,baseline_0.5,-1,101.67786391432897,2,sample,multi_resolved,continuous
0.599414981058784,Cv3,-53.08165549478372,3,2,Cv4,joint_locks,2.7000658284781607,-4.230484222970461e-07,0.5,baseline_0.5,-1,11.585083429974754,2,sample,multi_resolved,continuous
0.1760860581125376,Cv3,-1244.3458062560417,4,0,Cv4,joint_locks,0.9788623770872087,2.473383742917034e-06,0.5,baseline_0.5,1,89.09608331501292,4,sample,multi_resolved,continuous
0.1751660208624277,Cv3,-1244.3458062560417,4,1,Cv4,joint_locks,0.9588104755592275,-2.311253672462687e-06,0.5,baseline_0.5,-1,86.12067358655285,3,sample,multi_resolved,continuous
0.1745938611026518,Cv3,-517.8331557935841,0,0,Cv4,frozen,0.9630967697134869,2.1434943669678584e-06,0.5,baseline_0.5,1,73.23577735467711,0,sample,single_resolved,per_scan
0.16860994984965982,Cv3,-562.0528355600035,1,0,Cv4,frozen,1.2083648608379753,3.1481447887638304e-06,0.5,baseline_0.5,1,96.35913021981877,1,sample,single_resolved,per_scan
0.19342065851670562,Cv3,-298.86285144335585,2,0,Cv4,frozen,1.1378469604183872,2.841565467987733e-06,0.5,baseline_0.5,1,115.74626264683626,2,sample,single_resolved,per_scan
0.19372267861500736,Cv3,-294.5216400524568,3,0,Cv4,frozen,1.1424656198580039,2.8523321954922636e-06,0.5,baseline_0.5,1,94.43296297482979,3,sample,single_resolved,per_scan
nan,Cv3,-49.6352105567903,4,-1,Cv4,frozen,nan,nan,0.5,baseline_0.5,0,nan,3,sample,rejected_noise,per_scan
0.19418453642538588,Cv3,-292.1302047415132,5,0,Cv4,frozen,1.1437249568131467,2.8533153355135795e-06,0.5,baseline_0.5,1,89.17616899667748,4,sample,single_resolved,per_scan
nan,Cv3,-60.187566616314314,6,-1,Cv4,frozen,nan,nan,0.5,baseline_0.5,0,nan,4,sample,rejected_noise,per_scan
0.18266942914193238,Cv3,-601.044439124722,7,0,Cv4,frozen,0.9411731740910158,-2.006980774837511e-06,0.5,baseline_0.5,-1,72.55746503311744,4,sample,single_resolved,per_scan
0.17459386109955252,Cv3,-517.8331557935838,0,0,Cv4,frozen_locks,0.9630967697097548,2.143494366960685e-06,0.5,baseline_0.5,1,73.23577735470096,0,sample,single_resolved,per_scan
0.1815475408499739,Cv3,-57.63979087393807,1,0,Cv4,frozen_locks,1.1981554769434928,3.0176917608698767e-06,0.5,baseline_0.5,1,90.90186480153722,1,sample,multi_resolved,per_scan
0.579599999701257,Cv3,-57.63979087393807,1,1,Cv4,frozen_locks,2.8284887434931836,8.010228935418391e-07,0.5,baseline_0.5,1,14.656356241551586,1,sample,multi_resolved,per_scan
0.19342069102227666,Cv3,-298.86285144535174,2,0,Cv4,frozen_locks,1.1378477249871035,2.841565370645392e-06,0.5,baseline_0.5,1,115.7462245385537,2,sample,single_resolved,per_scan
0.19621519142956664,Cv3,-17.350238185794467,3,0,Cv4,frozen_locks,1.1140532038053914,2.8931318047661778e-06,0.5,baseline_0.5,1,95.2124018801005,3,sample,single_resolved,per_scan
nan,Cv3,-12.71309915349849,4,-1,Cv4,frozen_locks,nan,nan,0.5,baseline_0.5,0,nan,3,sample,rejected_noise,per_scan
0.19418428767557383,Cv3,-292.1302047295287,5,0,Cv4,frozen_locks,1.1437229556618884,2.8533151113890936e-06,0.5,baseline_0.5,1,89.17625629485259,4,sample,single_resolved,per_scan
nan,Cv3,-5.629719436193625,6,-1,Cv4,frozen_locks,nan,nan,0.5,baseline_0.5,0,nan,4,sample,rejected_noise,per_scan
0.18266946238605647,Cv3,-601.0444391500196,7,0,Cv4,frozen_locks,0.9411733100710616,-2.006980746221213e-06,0.5,baseline_0.5,-1,72.55745972224332,4,sample,single_resolved,per_scan
0.1728710339517258,Cv3,-480.2994137967686,0,0,Cv4,joint_locks,0.9636915691047947,2.1618685670123205e-06,0.5,baseline_0.5,1,73.86524015943523,0,sample,single_resolved,per_scan
0.18665211965394732,Cv3,-79.85808940875518,1,0,Cv4,joint_locks,1.3707794695640683,3.740238905226186e-06,0.5,baseline_0.5,1,104.53657929833336,1,sample,multi_resolved,per_scan
0.5795999999977419,Cv3,-79.85808940875518,1,1,Cv4,joint_locks,4.952933534706454,1.8357678298069913e-06,0.5,baseline_0.5,1,26.140382350859337,1,sample,multi_resolved,per_scan
0.1890581035639292,Cv3,-239.8472044804692,2,0,Cv4,joint_locks,1.3613404497598656,3.7274889039451037e-06,0.5,baseline_0.5,1,139.93683746054222,2,sample,single_resolved,per_scan
0.18927291547010736,Cv3,-235.2017285975087,3,0,Cv4,joint_locks,1.369471378601901,3.746390926103792e-06,0.5,baseline_0.5,1,114.27403079216816,3,sample,single_resolved,per_scan
nan,Cv3,-101.81468970543881,4,-1,Cv4,joint_locks,nan,nan,0.5,baseline_0.5,0,nan,3,sample,rejected_noise,per_scan
0.1895274957709926,Cv3,-232.957092317261,5,0,Cv4,joint_locks,1.37356090620107,3.7557058570251656e-06,0.5,baseline_0.5,1,108.08148342551864,4,sample,single_resolved,per_scan
nan,Cv3,-95.71563231174252,6,-1,Cv4,joint_locks,nan,nan,0.5,baseline_0.5,0,nan,4,sample,rejected_noise,per_scan
0.17976137565512956,Cv3,-601.1853442614585,7,0,Cv4,joint_locks,0.946369856942068,-2.0521216942320124e-06,0.5,baseline_0.5,-1,73.82848785179878,4,sample,single_resolved,per_scan
0.18215966836571426,Cv3,-485.5154189438383,0,0,Cv4,frozen,0.9233174544564438,2.204442971546315e-06,0.5749750869600347,ca_beta,1,57.79719038193167,0,sample,single_resolved,continuous
nan,Cv3,-91.64322057019717,1,-1,Cv4,frozen,nan,nan,0.5749750869600347,ca_beta,0,nan,0,sample,rejected_noise,continuous
0.19096186141469038,Cv3,-757.8516905773236,2,0,Cv4,frozen,0.9318792168699449,2.403810809287723e-06,0.5749750869600347,ca_beta,1,61.40559982433624,1,sample,multi_resolved,continuous
0.17458688934364722,Cv3,-757.8516905773236,2,1,Cv4,frozen,0.9189710136902102,-2.153419978289876e-06,0.5749750869600347,ca_beta,-1,56.97994663872861,0,sample,multi_resolved,continuous
nan,Cv3,-93.92598871653837,3,-1,Cv4,frozen,nan,nan,0.5749750869600347,ca_beta,0,nan,1,sample,rejected_noise,continuous
0.19080691888535153,Cv3,-786.9025136242257,4,0,Cv4,frozen,0.9313562191449285,2.389386555497279e-06,0.5749750869600347,ca_beta,1,79.13895854387233,2,sample,multi_resolved,continuous
0.1748677829348217,Cv3,-786.9025136242257,4,1,Cv4,frozen,0.919185819034821,-2.1535414544239968e-06,0.5749750869600347,ca_beta,-1,58.609364949909384,1,sample,multi_resolved,continuous
nan,Cv3,-86.11284768359184,5,-1,Cv4,frozen,nan,nan,0.5749750869600347,ca_beta,0,nan,2,sample,rejected_noise,continuous
0.19094414591082498,Cv3,-787.0437309137055,6,0,Cv4,frozen,0.9308876966994162,2.379349475613104e-06,0.5749750869600347,ca_beta,1,70.98680970930656,3,sample,multi_resolved,continuous
0.17530685349777028,Cv3,-787.0437309137055,6,1,Cv4,frozen,0.9187128629579442,-2.146408123953689e-06,0.5749750869600347,ca_beta,-1,75.64086149462547,2,sample,multi_resolved,continuous
nan,Cv3,-114.63749576815007,7,-1,Cv4,frozen,nan,nan,0.5749750869600347,ca_beta,0,nan,3,sample,rejected_noise,continuous
0.19154880176444924,Cv3,-786.1469216436303,8,0,Cv4,frozen,0.9297455587217247,2.369097232829491e-06,0.5749750869600347,ca_beta,1,71.0450317209955,4,sample,multi_resolved,continuous
0.1760083730243502,Cv3,-786.1469216436303,8,1,Cv4,frozen,0.9183219093609142,-2.1376507847337593e-06,0.5749750869600347,ca_beta,-1,67.8632177117782,3,sample,multi_resolved,continuous
nan,Cv3,-84.98957797967432,9,-1,Cv4,frozen,nan,nan,0.5749750869600347,ca_beta,0,nan,4,sample,rejected_noise,continuous
0.16874343611576015,Cv3,-598.2097272019178,10,0,Cv4,frozen,0.9118892934271774,-2.091637305791615e-06,0.5749750869600347,ca_beta,-1,66.88020634154678,4,sample,single_resolved,continuous
0.18215966819633606,Cv3,-485.5154189438409,0,0,Cv4,frozen_locks,0.9233174542738802,2.2044429713061157e-06,0.5749750869600347,ca_beta,1,57.79719038732385,0,sample,single_resolved,continuous
nan,Cv3,-91.64151442490174,1,-1,Cv4,frozen_locks,nan,nan,0.5749750869600347,ca_beta,0,nan,0,sample,rejected_noise,continuous
0.1909618599247703,Cv3,-757.8516902733584,2,0,Cv4,frozen_locks,0.9318791931575748,2.403810822750537e-06,0.5749750869600347,ca_beta,1,61.405600575147524,1,sample,multi_resolved,continuous
0.17458689072134934,Cv3,-757.8516902733584,2,1,Cv4,frozen_locks,0.9189709984422106,-2.1534199872400506e-06,0.5749750869600347,ca_beta,-1,56.979947192043475,0,sample,multi_resolved,continuous
nan,Cv3,-93.90404512077765,3,-1,Cv4,frozen_locks,nan,nan,0.5749750869600347,ca_beta,0,nan,1,sample,rejected_noise,continuous
0.19080691759281423,Cv3,-786.9025137285295,4,0,Cv4,frozen_locks,0.9313561978019801,2.3893865680063014e-06,0.5749750869600347,ca_beta,1,79.13895941374835,2,sample,multi_resolved,continuous
0.17486778411184467,Cv3,-786.9025137285295,4,1,Cv4,frozen_locks,0.9191858057060834,-2.1535414619546054e-06,0.5749750869600347,ca_beta,-1,58.60936544827269,1,sample,multi_resolved,continuous
nan,Cv3,-86.11209033574318,5,-1,Cv4,frozen_locks,nan,nan,0.5749750869600347,ca_beta,0,nan,2,sample,rejected_noise,continuous
0.19094414486876132,Cv3,-787.0437307374675,6,0,Cv4,frozen_locks,0.9308876873314663,2.3793494804458474e-06,0.5749750869600347,ca_beta,1,70.98681007771066,3,sample,multi_resolved,continuous
0.17530685391592718,Cv3,-787.0437307374675,6,1,Cv4,frozen_locks,0.9187128554922076,-2.1464081278787677e-06,0.5749750869600347,ca_beta,-1,75.64086183614641,2,sample,multi_resolved,continuous
nan,Cv3,-114.62106174768928,7,-1,Cv4,frozen_locks,nan,nan,0.5749750869600347,ca_beta,0,nan,3,sample,rejected_noise,continuous
0.19154880086078044,Cv3,-786.1469217392892,8,0,Cv4,frozen_locks,0.929745557752438,2.3690972326209078e-06,0.5749750869600347,ca_beta,1,71.04503180095561,4,sample,multi_resolved,continuous
0.17600837303293135,Cv3,-786.1469217392892,8,1,Cv4,frozen_locks,0.9183219060254416,-2.137650786187646e-06,0.5749750869600347,ca_beta,-1,67.86321783450722,3,sample,multi_resolved,continuous
nan,Cv3,-85.02648221875734,9,-1,Cv4,frozen_locks,nan,nan,0.5749750869600347,ca_beta,0,nan,4,sample,rejected_noise,continuous
0.16874343626949387,Cv3,-598.2097272016102,10,0,Cv4,frozen_locks,0.9118892923002637,-2.0916373062186137e-06,0.5749750869600347,ca_beta,-1,66.88020637731563,4,sample,single_resolved,continuous
0.17997958783536788,Cv3,-446.8848210795125,0,0,Cv4,joint_locks,0.9237278565494047,2.2045806687016946e-06,0.5749750869600347,ca_beta,1,57.902491097991664,0,sample,single_resolved,continuous
nan,Cv3,-150.50652258063758,1,-1,Cv4,joint_locks,nan,nan,0.5749750869600347,ca_beta,0,nan,0,sample,rejected_noise,continuous
0.18770879829660134,Cv3,-691.3239655896947,2,0,Cv4,joint_locks,0.9401411706331281,2.459538959552546e-06,0.5749750869600347,ca_beta,1,62.407582992090035,1,sample,multi_resolved,continuous
0.17213692989883633,Cv3,-691.3239655896947,2,1,Cv4,joint_locks,0.9199998717123656,-2.1873029540764516e-06,0.5749750869600347,ca_beta,-1,57.51452232889,0,sample,multi_resolved,continuous
nan,Cv3,-151.44104385632596,3,-1,Cv4,joint_locks,nan,nan,0.5749750869600347,ca_beta,0,nan,1,sample,rejected_noise,continuous
0.18765892521086716,Cv3,-719.7529460691093,4,0,Cv4,joint_locks,0.9393425706116881,2.444789162571326e-06,0.5749750869600347,ca_beta,1,80.41702485154376,2,sample,multi_resolved,continuous
0.17267427291114762,Cv3,-719.7529460691093,4,1,Cv4,joint_locks,0.9199429008791616,-2.1825677449595223e-06,0.5749750869600347,ca_beta,-1,59.07755698890268,1,sample,multi_resolved,continuous
nan,Cv3,-156.00229731215404,5,-1,Cv4,joint_locks,nan,nan,0.5749750869600347,ca_beta,0,nan,2,sample,rejected_noise,continuous
0.18758161872328302,Cv3,-721.116826347396,6,0,Cv4,joint_locks,0.9392267616571676,2.4370171157629773e-06,0.5749750869600347,ca_beta,1,72.19159993826251,3,sample,multi_resolved,continuous
0.17290857448974445,Cv3,-721.116826347396,6,1,Cv4,joint_locks,0.9196506925955821,-2.177830148132271e-06,0.5749750869600347,ca_beta,-1,76.29828481151651,2,sample,multi_resolved,continuous
nan,Cv3,-150.85526892358854,7,-1,Cv4,joint_locks,nan,nan,0.5749750869600347,ca_beta,0,nan,3,sample,rejected_noise,continuous
0.18774448443779693,Cv3,-722.9425245650165,8,0,Cv4,joint_locks,0.9390520205800451,2.432048887197706e-06,0.5749750869600347,ca_beta,1,72.3728019441284,4,sample,multi_resolved,continuous
0.17323253622677273,Cv3,-722.9425245650165,8,1,Cv4,joint_locks,0.9195414391388008,-2.172646966136016e-06,0.5749750869600347,ca_beta,-1,68.5239756756625,3,sample,multi_resolved,continuous
nan,Cv3,-136.90139366851497,9,-1,Cv4,joint_locks,nan,nan,0.5749750869600347,ca_beta,0,nan,4,sample,rejected_noise,continuous
0.16986533301357595,Cv3,-578.7768089181773,10,0,Cv4,joint_locks,0.913976435659957,-2.123111815809121e-06,0.5749750869600347,ca_beta,-1,67.62143812370583,4,sample,single_resolved,continuous
0.18215966833506375,Cv3,-485.51541894383877,0,0,Cv4,frozen,0.923317454448877,2.2044429714859442e-06,0.5749750869600347,ca_beta,1,57.79719038234672,0,sample,single_resolved,per_scan
nan,Cv3,-91.64973612886735,1,-1,Cv4,frozen,nan,nan,0.5749750869600347,ca_beta,0,nan,0,sample,rejected_noise,per_scan
0.19432351288108493,Cv3,-310.6431359817219,2,0,Cv4,frozen,1.068930057673285,2.9577843499957107e-06,0.5749750869600347,ca_beta,1,68.55954948072318,1,sample,single_resolved,per_scan
nan,Cv3,-89.05052717384797,3,-1,Cv4,frozen,nan,nan,0.5749750869600347,ca_beta,0,nan,1,sample,rejected_noise,per_scan
0.1962486931475155,Cv3,-22.707479081585745,4,0,Cv4,frozen,1.0561831806769897,3.054303720005743e-06,0.5749750869600347,ca_beta,1,95.15139869302274,2,sample,single_resolved,per_scan
nan,Cv3,-79.40496192290203,5,-1,Cv4,frozen,nan,nan,0.5749750869600347,ca_beta,0,nan,2,sample,rejected_noise,per_scan
0.19490854940908187,Cv3,-297.36656781657956,6,0,Cv4,frozen,1.0878301195195912,3.0225556653270764e-06,0.5749750869600347,ca_beta,1,80.71209242084673,3,sample,single_resolved,per_scan
nan,Cv3,-107.1671714760763,7,-1,Cv4,frozen,nan,nan,0.5749750869600347,ca_beta,0,nan,3,sample,rejected_noise,per_scan
0.19707792217708894,Cv3,-21.981353673471517,8,0,Cv4,frozen,1.0606061523240873,3.072658613500975e-06,0.5749750869600347,ca_beta,1,78.23683251749551,4,sample,single_resolved,per_scan
nan,Cv3,-77.74262427374452,9,-1,Cv4,frozen,nan,nan,0.5749750869600347,ca_beta,0,nan,4,sample,rejected_noise,per_scan
0.1687587759953712,Cv3,-598.0685632889907,10,0,Cv4,frozen,0.911802133256275,-2.091033903804204e-06,0.5749750869600347,ca_beta,-1,63.46472644215917,4,sample,single_resolved,per_scan
0.18215966820883422,Cv3,-485.5154189438412,0,0,Cv4,frozen_locks,0.9233174542766026,2.2044429713313916e-06,0.5749750869600347,ca_beta,1,57.79719038715351,0,sample,single_resolved,per_scan
nan,Cv3,-91.64151378810487,1,-1,Cv4,frozen_locks,nan,nan,0.5749750869600347,ca_beta,0,nan,0,sample,rejected_noise,per_scan
0.19432352963607682,Cv3,-310.6431359821767,2,0,Cv4,frozen_locks,1.0689299849032523,2.9577844222239524e-06,0.5749750869600347,ca_beta,1,68.55955023637033,1,sample,single_resolved,per_scan
nan,Cv3,-89.03232927613448,3,-1,Cv4,frozen_locks,nan,nan,0.5749750869600347,ca_beta,0,nan,1,sample,rejected_noise,per_scan
0.19459463135255836,Cv3,-301.8907329506709,4,0,Cv4,frozen_locks,1.0830266041439045,3.0081481211801457e-06,0.5749750869600347,ca_beta,1,94.48196890967864,2,sample,single_resolved,per_scan
nan,Cv3,-79.40058292460498,5,-1,Cv4,frozen_locks,nan,nan,0.5749750869600347,ca_beta,0,nan,2,sample,rejected_noise,per_scan
0.1949085671972872,Cv3,-297.3665678176415,6,0,Cv4,frozen_locks,1.0878302959987574,3.0225556615289484e-06,0.5749750869600347,ca_beta,1,80.71208582987295,3,sample,single_resolved,per_scan
nan,Cv3,-107.1645747960676,7,-1,Cv4,frozen_locks,nan,nan,0.5749750869600347,ca_beta,0,nan,3,sample,rejected_noise,per_scan
0.19548681005294177,Cv3,-294.86773864713825,8,0,Cv4,frozen_locks,1.0887954945751885,3.0239262412326e-06,0.5749750869600347,ca_beta,1,77.6709587718274,4,sample,single_resolved,per_scan
nan,Cv3,-77.74390532446569,9,-1,Cv4,frozen_locks,nan,nan,0.5749750869600347,ca_beta,0,nan,4,sample,rejected_noise,per_scan
0.16875877606339085,Cv3,-598.0685632886838,10,0,Cv4,frozen_locks,0.9118021321104315,-2.0910339043505905e-06,0.5749750869600347,ca_beta,-1,63.46472647621925,4,sample,single_resolved,per_scan
0.1799795877818859,Cv3,-446.88482107951296,0,0,Cv4,joint_locks,0.923727856543703,2.2045806685325006e-06,0.5749750869600347,ca_beta,1,57.90249109732008,0,sample,single_resolved,per_scan
nan,Cv3,-150.5057480875846,1,-1,Cv4,joint_locks,nan,nan,0.5749750869600347,ca_beta,0,nan,0,sample,rejected_noise,per_scan
0.18991634764186258,Cv3,-252.30847501983206,2,0,Cv4,joint_locks,1.2463515106344099,3.8040117626275824e-06,0.5749750869600347,ca_beta,1,80.71683335862882,1,sample,single_resolved,per_scan
nan,Cv3,-148.81312947055642,3,-1,Cv4,joint_locks,nan,nan,0.5749750869600347,ca_beta,0,nan,1,sample,rejected_noise,per_scan
0.1903862425081317,Cv3,-242.58662279434148,4,0,Cv4,joint_locks,1.2847108622966392,3.940852099602886e-06,0.5749750869600347,ca_beta,1,112.54153191575644,2,sample,single_resolved,per_scan
nan,Cv3,-152.11124231566703,5,-1,Cv4,joint_locks,nan,nan,0.5749750869600347,ca_beta,0,nan,2,sample,rejected_noise,per_scan
0.1905885135301724,Cv3,-237.7906675793462,6,0,Cv4,joint_locks,1.2930783624564322,3.963438379504492e-06,0.5749750869600347,ca_beta,1,96.21017780404948,3,sample,single_resolved,per_scan
nan,Cv3,-147.31763565832688,7,-1,Cv4,joint_locks,nan,nan,0.5749750869600347,ca_beta,0,nan,3,sample,rejected_noise,per_scan
0.19084998271225598,Cv3,-235.5382402760207,8,0,Cv4,joint_locks,1.297355290448783,3.9750695152178864e-06,0.5749750869600347,ca_beta,1,92.75695241992814,4,sample,single_resolved,per_scan
nan,Cv3,-133.61387203600447,9,-1,Cv4,joint_locks,nan,nan,0.5749750869600347,ca_beta,0,nan,4,sample,rejected_noise,per_scan
0.1698728308017083,Cv3,-578.692163390361,10,0,Cv4,joint_locks,0.9138857582163186,-2.1225252613246716e-06,0.5749750869600347,ca_beta,-1,64.16849635792667,4,sample,single_resolved,per_scan
0.3665840658044327,Cv1,-32.46640063648715,0,0,Cv5,frozen,1.8065749226109544,-8.615364485023754e-08,0.5,baseline_0.5,-1,8.927412069802457,0,blank,multi_resolved,continuous
0.5498769999987795,Cv1,-32.46640063648715,0,1,Cv5,frozen,1.847154611377961,-8.426080172423114e-08,0.5,baseline_0.5,-1,8.598254724220576,0,blank,multi_resolved,continuous
0.5845540000002981,Cv1,-39.74847058476803,1,0,Cv5,frozen,0.16297794344117275,-8.275008184502459e-08,0.5,baseline_0.5,-1,8.612925046320697,1,blank,single_resolved,continuous
0.5746459992406855,Cv1,-137.5639525267328,2,0,Cv5,frozen,0.9881065797976768,-6.426874399497225e-08,0.5,baseline_0.5,-1,6.180321789522307,2,blank,single_resolved,continuous
nan,Cv1,-89.12637653998809,3,-1,Cv5,frozen,nan,nan,0.5,baseline_0.5,0,nan,4,blank,rejected_noise,continuous
0.36658406793970383,Cv1,-41.43377000577311,0,0,Cv5,frozen_locks,1.8065822938123806,-8.615426874153504e-08,0.5,baseline_0.5,-1,8.927460357161769,0,blank,multi_resolved,continuous
0.5498769999988471,Cv1,-41.43377000577311,0,1,Cv5,frozen_locks,1.8471501558486885,-8.426030499914981e-08,0.5,baseline_0.5,-1,8.59821324853089,0,blank,multi_resolved,continuous
0.5845540000150252,Cv1,-39.748454392889016,1,0,Cv5,frozen_locks,0.1626362450316802,-8.274969621061992e-08,0.5,baseline_0.5,-1,8.612841940713892,1,blank,single_resolved,continuous
0.57464599999543,Cv1,-137.56395235508796,2,0,Cv5,frozen_locks,0.9881296799281132,-6.426850753279299e-08,0.5,baseline_0.5,-1,6.180287015944203,2,blank,single_resolved,continuous
nan,Cv1,-89.12638183150284,3,-1,Cv5,frozen_locks,nan,nan,0.5,baseline_0.5,0,nan,4,blank,rejected_noise,continuous
0.4656609999984723,Cv1,-318.2656468258406,0,0,Cv5,joint_locks,3.9776683043949332,-2.0749004430362948e-07,0.5,baseline_0.5,-1,15.16476632975328,0,blank,single_resolved,continuous
0.5845540002174431,Cv1,-49.750641555694756,1,0,Cv5,joint_locks,0.2696205635107707,-1.0033387960356263e-07,0.5,baseline_0.5,-1,9.631348168505534,1,blank,multi_resolved,continuous
0.539968999998472,Cv1,-49.750641555694756,1,1,Cv5,joint_locks,2.481306678789242,-8.12635106248008e-08,0.5,baseline_0.5,-1,5.710058927928953,1,blank,multi_resolved,continuous
0.5746459999982844,Cv1,-114.85639492251505,2,0,Cv5,joint_locks,1.3238547979573718,-9.484416366307734e-08,0.5,baseline_0.5,-1,7.910488545659093,2,blank,single_resolved,continuous
nan,Cv1,-116.31843467744136,3,-1,Cv5,joint_locks,nan,nan,0.5,baseline_0.5,0,nan,4,blank,rejected_noise,continuous
0.36658405371189473,Cv1,-32.46608037075225,0,0,Cv5,frozen,1.806573202441294,-8.615345739699094e-08,0.5,baseline_0.5,-1,8.927396429481165,0,blank,multi_resolved,per_scan
0.5498769999987733,Cv1,-32.46608037075225,0,1,Cv5,frozen,1.8471577866480908,-8.426099676461106e-08,0.5,baseline_0.5,-1,8.598267405039516,0,blank,multi_resolved,per_scan
0.5845540000019835,Cv1,-40.69622516347249,1,0,Cv5,frozen,0.16693061123847802,-8.337324848281378e-08,0.5,baseline_0.5,-1,8.540176248665578,1,blank,single_resolved,per_scan
0.5746459999120351,Cv1,-138.1921886812869,2,0,Cv5,frozen,0.9912093090009434,-6.455685701339654e-08,0.5,baseline_0.5,-1,6.197015792700176,2,blank,single_resolved,per_scan
nan,Cv1,-102.7483876134462,3,-1,Cv5,frozen,nan,nan,0.5,baseline_0.5,0,nan,3,blank,rejected_noise,per_scan
nan,Cv1,-90.23808117503279,4,-1,Cv5,frozen,nan,nan,0.5,baseline_0.5,0,nan,4,blank,rejected_noise,per_scan
0.3665840739995739,Cv1,-41.434477493585064,0,0,Cv5,frozen_locks,1.8065795486789205,-8.61538281083747e-08,0.5,baseline_0.5,-1,8.927420494301124,0,blank,multi_resolved,per_scan
0.5498769999984143,Cv1,-41.434477493585064,0,1,Cv5,frozen_locks,1.8471600080537032,-8.426078873228942e-08,0.5,baseline_0.5,-1,8.598240435005318,0,blank,multi_resolved,per_scan
0.5845540001061866,Cv1,-40.69622272464676,1,0,Cv5,frozen_locks,0.16652774058123473,-8.337718435786987e-08,0.5,baseline_0.5,-1,8.539999358942783,1,blank,single_resolved,per_scan
0.5746459999948431,Cv1,-138.19218931545777,2,0,Cv5,frozen_locks,0.9911995698200452,-6.45571732133373e-08,0.5,baseline_0.5,-1,6.1970382711391006,2,blank,single_resolved,per_scan
nan,Cv1,-102.74838184543785,3,-1,Cv5,frozen_locks,nan,nan,0.5,baseline_0.5,0,nan,3,blank,rejected_noise,per_scan
nan,Cv1,-90.23808118007696,4,-1,Cv5,frozen_locks,nan,nan,0.5,baseline_0.5,0,nan,4,blank,rejected_noise,per_scan
0.4656609999984723,Cv1,-318.27514096846994,0,0,Cv5,joint_locks,3.977094051859714,-2.074371518178774e-07,0.5,baseline_0.5,-1,15.161371469280802,0,blank,single_resolved,per_scan
0.584554000003411,Cv1,-50.872352200072555,1,0,Cv5,joint_locks,0.2726248011198626,-1.0049073101352375e-07,0.5,baseline_0.5,-1,9.523903100936941,1,blank,multi_resolved,per_scan
0.539968999998472,Cv1,-50.872352200072555,1,1,Cv5,joint_locks,2.529110757286385,-8.300486631623779e-08,0.5,baseline_0.5,-1,5.748508358542173,1,blank,multi_resolved,per_scan
0.5746459999982755,Cv1,-115.118754087561,2,0,Cv5,joint_locks,1.3286480182454936,-9.521320882395133e-08,0.5,baseline_0.5,-1,7.9295960592767765,2,blank,single_resolved,per_scan
nan,Cv1,-137.6092619220849,3,-1,Cv5,joint_locks,nan,nan,0.5,baseline_0.5,0,nan,3,blank,rejected_noise,per_scan
nan,Cv1,-116.80806104336705,4,-1,Cv5,joint_locks,nan,nan,0.5,baseline_0.5,0,nan,4,blank,rejected_noise,per_scan
