file,potential,t_min,model,A,beta,C,M,r2,n_points
Ca1,0.4,0.1,simple,1.3231075213048175e-06,0.7011892873270951,3.1393193273021427e-07,,0.9824832802325146,9599
Ca1,0.4,0.1,linear,1.449202817474693e-06,0.647003244150614,2.579176910807426e-07,1.5802939169587568e-10,0.9944794977663244,9599
Ca1,0.4,0.2,simple,1.3552611192565945e-06,0.736050114361841,3.190769757271748e-07,,0.9808793786060153,9597
Ca1,0.4,0.2,linear,1.4555918448439618e-06,0.6690285002474011,2.669474706331686e-07,1.4322427105287797e-10,0.9935773675693318,9597
Ca1,0.4,0.3,simple,1.390880350321568e-06,0.7621915056733172,3.2218255582533286e-07,,0.9803713409163486,9595
Ca1,0.4,0.3,linear,1.4686255638699883e-06,0.6870771936913522,2.7318405097272484e-07,1.3307853415037431e-10,0.9931745271757523,9595
Ca1,0.4,0.4,simple,1.4258047342204107e-06,0.7831586525941264,3.2432186340251124e-07,,0.979961962275056,9593
Ca1,0.4,0.4,linear,1.483470838135102e-06,0.7017078681214237,2.77649494127894e-07,1.258338257779486e-10,0.9928306808363332,9593
Ca1,0.4,0.5,simple,1.4604694909069522e-06,0.8015524307416534,3.259964162745959e-07,,0.9796143645088774,9591
Ca1,0.4,0.5,linear,1.499263430143475e-06,0.7144276350867109,2.8116895921065006e-07,1.2013181232218743e-10,0.9925241154590038,9591
Ca1,0.4,0.6,simple,1.4950585459300047e-06,0.8178830060205187,3.273319160841226e-07,,0.9793488835277849,9589
Ca1,0.4,0.6,linear,1.5159422576012137e-06,0.7260981621163526,2.8414289867212983e-07,1.1531405217870783e-10,0.9922655748901953,9589
Ca1,0.4,0.7,simple,1.5295902445563676e-06,0.8328380392283441,3.2845156859148287e-07,,0.9791256921273531,9587
Ca1,0.4,0.7,linear,1.533184448243587e-06,0.7369154388842827,2.8670632827286714e-07,1.1115918090910114e-10,0.9920342608433238,9587
Ca1,0.4,0.8,simple,1.564402715680127e-06,0.8468423997343149,3.294204113532441e-07,,0.9789590939853062,9585
Ca1,0.4,0.8,linear,1.551135962960836e-06,0.7472249002599046,2.8899565166789443e-07,1.0744396636855674e-10,0.9918372019252024,9585
Ca1,0.4,0.9,simple,1.5992891719975715e-06,0.8599942317699257,3.30267178178398e-07,,0.9788116607343753,9583
Ca1,0.4,0.9,linear,1.5694789667628844e-06,0.756998545672101,2.9104069715077915e-07,1.0411962493528072e-10,0.99165451960267,9583
Ca1,0.4,1.0,simple,1.634245982358183e-06,0.8724236663700021,3.3101619407568866e-07,,0.9786722741988699,9581
Ca1,0.4,1.0,linear,1.5881143562499997e-06,0.7662977440053156,2.9288229656099043e-07,1.0112067499634278e-10,0.9914798502050595,9581
Ca1,0.4,2.0,simple,2.010657613253889e-06,0.9772306385223819,3.358372228327612e-07,,0.9782404590560274,9561
Ca1,0.4,2.0,linear,1.801714271459344e-06,0.8487378178358307,3.0583034583253827e-07,7.977102432589641e-11,0.9904041604134225,9561
Ca1,0.4,3.0,simple,2.455122992020902e-06,1.0645659776339205,3.384747515202172e-07,,0.9788042093634813,9541
Ca1,0.4,3.0,linear,2.070920911949142e-06,0.923348281365962,3.14027591099463e-07,6.58228762020283e-11,0.990088094637016,9541
Ca1,0.4,4.0,simple,2.988189710079627e-06,1.1438210638537836,3.4021935605067534e-07,,0.97961051305134,9521
Ca1,0.4,4.0,linear,2.398668946718494e-06,0.9935147827452134,3.198331344748186e-07,5.5617174071876536e-11,0.9900437881407834,9521
Ca1,0.4,5.0,simple,3.630417015418712e-06,1.2179891456277825,3.4146753592536513e-07,,0.980461924452602,9501
Ca1,0.4,5.0,linear,2.7942436556919526e-06,1.0608287504317777,3.242016383113454e-07,4.769842578839778e-11,0.9901122692628334,9501
Ca2,0.4,0.1,simple,1.4111655776847468e-06,0.6674048963994097,2.865522461284539e-07,,0.9971821814216971,2399
Ca2,0.4,0.1,linear,1.522196533080291e-06,0.6283992228946956,2.1802269014892526e-07,6.354688234033381e-10,0.9995372377036312,2399
Ca2,0.4,0.2,simple,1.412859116493739e-06,0.6771591399442913,2.903031562088874e-07,,0.9960998331853348,2397
Ca2,0.4,0.2,linear,1.5303376720979196e-06,0.6188778814278071,2.0907970838070692e-07,6.856348331619299e-10,0.9994189180715898,2397
Ca2,0.4,0.3,simple,1.4227023057909964e-06,0.6934833901284633,2.957107298030063e-07,,0.9959449230072569,2395
Ca2,0.4,0.3,linear,1.5276995032270665e-06,0.6254963262870201,2.1465793996054985e-07,6.562814504245245e-10,0.9993306841191765,2395
Ca2,0.4,0.4,simple,1.4343181086451274e-06,0.7065397761211,2.9954514500648316e-07,,0.9957966321106437,2393
Ca2,0.4,0.4,linear,1.5271786815021123e-06,0.6304453558212882,2.1846013842390935e-07,6.368870987171177e-10,0.999242878798816,2393
Ca2,0.4,0.5,simple,1.4473418634846795e-06,0.7183664536200596,3.0271021358724336e-07,,0.9957108634147278,2391
Ca2,0.4,0.5,linear,1.5276520058991855e-06,0.6355368749460054,2.2211851864622209e-07,6.186087064952194e-10,0.9991703731507728,2391
Ca2,0.4,0.6,simple,1.4611662610296716e-06,0.729186480066014,3.053851213097353e-07,,0.9956516578236017,2389
Ca2,0.4,0.6,linear,1.5289397907884903e-06,0.6405004921179661,2.2548020198669771e-07,6.020939225045857e-10,0.9991050952639663,2389
Ca2,0.4,0.7,simple,1.475570546307547e-06,0.7392587098939416,3.077083368158996e-07,,0.9956100438922532,2387
Ca2,0.4,0.7,linear,1.5308874048772331e-06,0.6453745173186222,2.286139708945114e-07,5.869063283758742e-10,0.9990449684581567,2387
Ca2,0.4,0.8,simple,1.490551776054719e-06,0.7488289107620809,3.097830410927499e-07,,0.9955882825148118,2385
Ca2,0.4,0.8,linear,1.5334623201269011e-06,0.6503292185224866,2.3165477041062292e-07,5.723256162009983e-10,0.9989911937823355,2385
Ca2,0.4,0.9,simple,1.5058217997526695e-06,0.7578690836424385,3.116350300127264e-07,,0.9955714826948191,2383
Ca2,0.4,0.9,linear,1.5364797823644069e-06,0.6551400275450817,2.3448310089055772e-07,5.588839168881076e-10,0.998939501623327,2383
Ca2,0.4,1.0,simple,1.521268288765887e-06,0.7664321127520138,3.133003710554693e-07,,0.9955547047265924,2381
Ca2,0.4,1.0,linear,1.539830416177433e-06,0.6597617746503132,2.3709434443296713e-07,5.465705894981726e-10,0.9988882004146084,2381
Ca2,0.4,2.0,simple,1.6904846530946486e-06,0.8396121098758251,3.247903090542134e-07,,0.9956385212470416,2361
Ca2,0.4,2.0,linear,1.593356043792281e-06,0.7068221787192961,2.5940075218667816e-07,4.436483394504847e-10,0.9984811726097523,2361
Ca2,0.4,3.0,simple,1.889213346879389e-06,0.9024132064651913,3.318979858508748e-07,,0.9959613466600542,2341
Ca2,0.4,3.0,linear,1.685649887921769e-06,0.7593246524360728,2.7819630300195625e-07,3.5800301743078696e-10,0.9982064377117552,2341
Ca2,0.4,4.0,simple,2.115566969725743e-06,0.9594446817327809,3.3693573134380466e-07,,0.9963509114540418,2321
Ca2,0.4,4.0,linear,1.8178722198258295e-06,0.8164959391171445,2.942762544133236e-07,2.8344993401031723e-10,0.9980129137899492,2321
Ca2,0.4,5.0,simple,2.3640704852889263e-06,1.010957087951118,3.4062388040038727e-07,,0.9966829979699787,2301
Ca2,0.4,5.0,linear,1.989990713471325e-06,0.8757650940165882,3.076016759162929e-07,2.2001275117923142e-10,0.9978452931364145,2301
Ca3,0.4,0.1,simple,1.3910401322398075e-06,0.665046586751708,2.8118037907806804e-07,,0.9968417302960328,2399
Ca3,0.4,0.1,linear,1.5096381755251162e-06,0.6229247709627643,2.0767277972086914e-07,6.768678330566805e-10,0.9995776471333992,2399
Ca3,0.4,0.2,simple,1.393877082888793e-06,0.6762580598696223,2.8537277786174166e-07,,0.9957863739502496,2397
Ca3,0.4,0.2,linear,1.5187761102228634e-06,0.6137411550517236,1.9869141492978755e-07,7.275855440371764e-10,0.9995958834426788,2397
Ca3,0.4,0.3,simple,1.4039391731742388e-06,0.6930262293914152,2.908597284484413e-07,,0.9956060267553917,2395
Ca3,0.4,0.3,linear,1.516409157086008e-06,0.6196487805089889,2.0371180958778693e-07,7.014587529631682e-10,0.9995393715114941,2395
Ca3,0.4,0.4,simple,1.4157479273649803e-06,0.706406075830209,2.947370590969298e-07,,0.9954320215926654,2393
Ca3,0.4,0.4,linear,1.5159490023995868e-06,0.6238111992283318,2.0694498257121553e-07,6.85176395754174e-10,0.9994805978078491,2393
Ca3,0.4,0.5,simple,1.4288213208107819e-06,0.7183834171758855,2.9789769515896055e-07,,0.9953102436941265,2391
Ca3,0.4,0.5,linear,1.5162741992535016e-06,0.6278798554786448,2.0991375417766454e-07,6.705481308073506e-10,0.9994290200421306,2391
Ca3,0.4,0.6,simple,1.4428073324086905e-06,0.7294389173977899,3.0059176503393766e-07,,0.9952264585383181,2389
Ca3,0.4,0.6,linear,1.5172518680234797e-06,0.6319914803051938,2.1275516909849676e-07,6.567940348124493e-10,0.9993839763703783,2389
Ca3,0.4,0.7,simple,1.4571254789380438e-06,0.7395497368757261,3.0288940136437555e-07,,0.9951459056860654,2387
Ca3,0.4,0.7,linear,1.518633678192676e-06,0.6356860794510234,2.151878579978498e-07,6.451981774771486e-10,0.9993388413080055,2387
Ca3,0.4,0.8,simple,1.4720843580115235e-06,0.7491983206491999,3.0494951890123653e-07,,0.9950896469934161,2385
Ca3,0.4,0.8,linear,1.5205144332102645e-06,0.6395263036163492,2.1761121569705e-07,6.337921595828014e-10,0.9992983169492667,2385
Ca3,0.4,0.9,simple,1.4873655787429387e-06,0.7583353533480106,3.0679281297063723e-07,,0.9950410240793911,2383
Ca3,0.4,0.9,linear,1.5227133549515342e-06,0.6432491611694008,2.1987192248184748e-07,6.232609279766629e-10,0.9992590995023289,2383
Ca3,0.4,1.0,simple,1.5029523858745656e-06,0.7670582459260125,3.0846240547946436e-07,,0.9949981989100789,2381
Ca3,0.4,1.0,linear,1.5252084645802167e-06,0.6468869206317948,2.2200142024976735e-07,6.134383261148522e-10,0.9992208558508027,2381
Ca3,0.4,2.0,simple,1.6749674485346702e-06,0.8419602739932966,3.1999788414252717e-07,,0.9948474655483523,2361
Ca3,0.4,2.0,linear,1.564698684620674e-06,0.6836229793498704,2.403614289312468e-07,5.312872524882558e-10,0.9988973641070705,2361
Ca3,0.4,3.0,simple,1.8823660761216201e-06,0.90773729139078,3.27261323036803e-07,,0.995074648719931,2341
Ca3,0.4,3.0,linear,1.6352657951388064e-06,0.7267425295502505,2.571806331073698e-07,4.5779791994785417e-10,0.9986866832784237,2341
Ca3,0.4,4.0,simple,2.1230364175033643e-06,0.9681720420511555,3.324290296100749e-07,,0.9954090153374299,2321
Ca3,0.4,4.0,linear,1.733759935744172e-06,0.7731379402124692,2.7178548379863544e-07,3.9353598160374206e-10,0.9985316745846762,2321
Ca3,0.4,5.0,simple,2.3958914420344673e-06,1.0240112361734839,3.3626160848597587e-07,,0.9957461608661192,2301
Ca3,0.4,5.0,linear,1.860452825923523e-06,0.821536434292447,2.842845936305755e-07,3.375704720920584e-10,0.9983918349749608,2301
Ca4,0.4,0.1,simple,1.620363435972334e-06,0.6371416367751741,2.6013887992907514e-07,,0.9934809779306765,2399
Ca4,0.4,0.1,linear,1.4396483766191926e-06,0.6993079301251323,3.6840157936082275e-07,-1.0218139704145024e-09,0.9986374819524801,2399
Ca4,0.4,0.2,simple,1.6145329302389594e-06,0.61002436847941,2.458404888052967e-07,,0.9929058898144372,2397
Ca4,0.4,0.2,linear,1.4312657849853381e-06,0.7020349002526353,3.715916195636262e-07,-1.0454857615460492e-09,0.9992953385632005,2397
Ca4,0.4,0.3,simple,1.60656404190455e-06,0.5957682323166066,2.383096991341871e-07,,0.9917366302614508,2395
Ca4,0.4,0.3,linear,1.4272507777906946e-06,0.7155144750031822,3.7990130691758437e-07,-1.0964245794759697e-09,0.9992810885219511,2395
Ca4,0.4,0.4,simple,1.5939684239923192e-06,0.5801974791602651,2.3011370131596395e-07,,0.9910473557018643,2393
Ca4,0.4,0.4,linear,1.4272722524355719e-06,0.7225109470612027,3.8373486988642484e-07,-1.1193629542514073e-09,0.9991997290996347,2393
Ca4,0.4,0.5,simple,1.5795830193311247e-06,0.5652948067265339,2.221567025534344e-07,,0.9905689310960297,2391
Ca4,0.4,0.5,linear,1.4283921502699988e-06,0.7280753706064519,3.8655542423325446e-07,-1.1359263552813411e-09,0.9991200144481961,2391
Ca4,0.4,0.6,simple,1.5642984327398725e-06,0.551220013253556,2.1450373698051954e-07,,0.9902400593730882,2389
Ca4,0.4,0.6,linear,1.4299989633459679e-06,0.7324872396395703,3.886522843321313e-07,-1.1480327988062188e-09,0.9990408007938301,2389
Ca4,0.4,0.7,simple,1.5485676932997214e-06,0.5376314836253567,2.069251491255007e-07,,0.990024843921777,2387
Ca4,0.4,0.7,linear,1.4317005591025064e-06,0.7358947075602619,3.9018750780914705e-07,-1.1567617227540758e-09,0.9989618549453797,2387
Ca4,0.4,0.8,simple,1.5328625687230707e-06,0.5245882071401333,1.994380436607366e-07,,0.9898854187564795,2385
Ca4,0.4,0.8,linear,1.4334536779069731e-06,0.73875643925359,3.9142036652532374e-07,-1.1636760095058901e-09,0.9988850544387949,2385
Ca4,0.4,0.9,simple,1.5171501716800769e-06,0.5117533025179677,1.9182180311378973e-07,,0.9898161166844365,2383
Ca4,0.4,0.9,linear,1.4349508730891862e-06,0.7408605799719574,3.9229230958546254e-07,-1.1685033358931771e-09,0.9988090039739521,2383
Ca4,0.4,1.0,simple,1.5017705913033501e-06,0.4995034787254878,1.843355921013304e-07,,0.9898107385710908,2381
Ca4,0.4,1.0,linear,1.4359280151840401e-06,0.7420872542325481,3.927843305814227e-07,-1.17119369487192e-09,0.9987335486041788,2381
Ca4,0.4,2.0,simple,1.3759401719519127e-06,0.38780965755848024,9.918220677957587e-08,,0.9916082191965145,2361
Ca4,0.4,2.0,linear,1.4037267629634092e-06,0.7148421236211813,3.8302786548442115e-07,-1.123117341377712e-09,0.9981291176394099,2361
Ca4,0.4,3.0,simple,1.3257483434385502e-06,0.29924349915890913,-7.11895594091352e-09,,0.9942387732662586,2341
Ca4,0.4,3.0,linear,1.3010847734522951e-06,0.6326108845834154,3.5158159632071563e-07,-9.90396414889514e-10,0.997924671180733,2341
Ca4,0.4,4.0,simple,1.3500183437925674e-06,0.23100648875599156,-1.4050548804879267e-07,,0.9963346016873499,2321
Ca4,0.4,4.0,linear,1.1810008543924229e-06,0.5169175824623058,2.94684331438549e-07,-8.052927022074594e-10,0.9980487891359517,2321
Ca4,0.4,5.0,simple,1.4412120313100248e-06,0.1789668525970517,-3.0766016241401043e-07,,0.9977732939746431,2301
Ca4,0.4,5.0,linear,1.1106516083111512e-06,0.38208712670730044,1.896879869020053e-07,-5.73310773298974e-10,0.9983772294230372,2301
Ca5,0.4,0.1,simple,4.580795619128619e-07,0.8078145110416206,2.577464489084698e-07,,0.9947265504786644,2399
Ca5,0.4,0.1,linear,4.662257803667944e-07,0.7987734735445999,2.533197266596747e-07,5.1053816574929235e-11,0.9948617642929315,2399
Ca5,0.4,0.2,simple,4.5591769396196046e-07,0.775254894219794,2.5512849365398415e-07,,0.9973860422741404,2397
Ca5,0.4,0.2,linear,4.7630539503239724e-07,0.7421267022488849,2.4273322555035527e-07,1.2412888886877965e-10,0.9985489644265315,2397
Ca5,0.4,0.3,simple,4.589871017774391e-07,0.7964321268726523,2.567612070075511e-07,,0.9975980961368881,2395
Ca5,0.4,0.3,linear,4.744150606743102e-07,0.7621614986811374,2.463942217293403e-07,1.0017954407473625e-10,0.9985006807361034,2395
Ca5,0.4,0.4,simple,4.620424539483145e-07,0.8088935090501509,2.575992828584215e-07,,0.9974349840580904,2393
Ca5,0.4,0.4,linear,4.744539386098863e-07,0.7721595252116666,2.479960768818034e-07,8.985982205899747e-11,0.9982551723972831,2393
Ca5,0.4,0.5,simple,4.643566853536899e-07,0.8160931129710071,2.580398599121773e-07,,0.997096083301386,2391
Ca5,0.4,0.5,linear,4.7468328992143985e-07,0.775289594104932,2.484571919872535e-07,8.694441610501244e-11,0.9979366262845585,2391
Ca5,0.4,0.6,simple,4.662104768340121e-07,0.8208817254131553,2.583116643968729e-07,,0.9967094896213584,2389
Ca5,0.4,0.6,linear,4.7468730967410784e-07,0.7751743812614444,2.48438554149579e-07,8.70670041984737e-11,0.9976139221926966,2389
Ca5,0.4,0.7,simple,4.6809846272051846e-07,0.8252180796455119,2.585443594161722e-07,,0.9963272952585471,2387
Ca5,0.4,0.7,linear,4.746043907081445e-07,0.7747178380795626,2.483784177327583e-07,8.742991540532784e-11,0.9972926345880901,2387
Ca5,0.4,0.8,simple,4.696173126340037e-07,0.8283846170541304,2.58705729429052e-07,,0.9959246917748712,2385
Ca5,0.4,0.8,linear,4.741259948388184e-07,0.7724704471994478,2.4809098185399165e-07,8.91342895378015e-11,0.9969756574028052,2385
Ca5,0.4,0.9,simple,4.7085373524663535e-07,0.830774087964437,2.588221911520157e-07,,0.995510332292083,2383
Ca5,0.4,0.9,linear,4.732594173367074e-07,0.7689147812710087,2.4764795132693963e-07,9.170809058981104e-11,0.9966662716901701,2383
Ca5,0.4,1.0,simple,4.718732976831588e-07,0.832627783810357,2.5890904781358443e-07,,0.9950882483225684,2381
Ca5,0.4,1.0,linear,4.720275052571419e-07,0.7643501053101736,2.4709008423909385e-07,9.488238580236902e-11,0.9963656137893765,2381
Ca5,0.4,2.0,simple,4.790189348564724e-07,0.8435412776217057,2.5936487235900285e-07,,0.990670807853829,2361
Ca5,0.4,2.0,linear,4.467085308807337e-07,0.6924210418440174,2.3845662644807415e-07,1.382528980008764e-10,0.9937693824242766,2361
Ca5,0.4,3.0,simple,4.875834525299377e-07,0.8535920033318176,2.597015868970965e-07,,0.9860015462051801,2341
Ca5,0.4,3.0,linear,4.1162411136035446e-07,0.5978956314524242,2.256054519094678e-07,1.8968753074262487e-10,0.9917341370806261,2341
Ca5,0.4,4.0,simple,5.033191365444195e-07,0.8698546075883754,2.6017998669327814e-07,,0.9811140449466277,2321
Ca5,0.4,4.0,linear,3.8126968169244666e-07,0.4967902565010866,2.0773314600800848e-07,2.4428855572024934e-10,0.9899391900109918,2321
Ca5,0.4,5.0,simple,5.273080522106232e-07,0.8919360925480556,2.607513094978055e-07,,0.9759703815662188,2301
Ca5,0.4,5.0,linear,3.6418969457822994e-07,0.39309652160710046,1.8101085453923576e-07,3.0289277822566574e-10,0.9881802655784984,2301
Ca6,0.4,0.1,simple,1.4207782076207073e-06,0.6635128041277567,2.5961533288571096e-07,,0.9965784111823621,2399
Ca6,0.4,0.1,linear,1.53665659298953e-06,0.6229099414301734,1.8791075233527843e-07,6.562872023407646e-10,0.9990172754134681,2399
Ca6,0.4,0.2,simple,1.4185913515680632e-06,0.6594402913646192,2.581174716840008e-07,,0.9951657753367458,2397
Ca6,0.4,0.2,linear,1.565184272283977e-06,0.5883443661398634,1.5368872467154469e-07,8.402190260419859e-10,0.9998778251899115,2397
Ca6,0.4,0.3,simple,1.4276872274103932e-06,0.6738887112986369,2.6323272420754736e-07,,0.994693018712848,2395
Ca6,0.4,0.3,linear,1.5653172030055505e-06,0.5879993881537338,1.533649646504436e-07,8.417904962147314e-10,0.9998498880447485,2395
Ca6,0.4,0.4,simple,1.438374751242096e-06,0.6857163692929072,2.669812781878334e-07,,0.9942831045804225,2393
Ca6,0.4,0.4,linear,1.5655956663202026e-06,0.5868490401437116,1.5232038664427939e-07,8.467402181547858e-10,0.9998265563363892,2393
Ca6,0.4,0.5,simple,1.450346041505325e-06,0.6964736003807392,2.7010239583746054e-07,,0.9939505970652568,2391
Ca6,0.4,0.5,linear,1.5656191897021746e-06,0.5860612611559989,1.5164024015412148e-07,8.498440706445316e-10,0.9998040383346921,2391
Ca6,0.4,0.6,simple,1.4630124745089e-06,0.7063161615497482,2.727508942272173e-07,,0.9936543548339625,2389
Ca6,0.4,0.6,linear,1.5655265386166097e-06,0.5852416017213335,1.509565779008685e-07,8.528803098677851e-10,0.9997827107534258,2389
Ca6,0.4,0.7,simple,1.4760363472811372e-06,0.7153806105502009,2.750349328648319e-07,,0.993374462574382,2387
Ca6,0.4,0.7,linear,1.565284766111015e-06,0.5842071221529053,1.501183678936748e-07,8.565118490996192e-10,0.9997626729324268,2387
Ca6,0.4,0.8,simple,1.489882936817763e-06,0.7241949323163688,2.771282657053697e-07,,0.9931348268822824,2385
Ca6,0.4,0.8,linear,1.565095912344145e-06,0.5836292768622736,1.4966054463301495e-07,8.58455908022974e-10,0.9997422971932461,2385
Ca6,0.4,0.9,simple,1.5040887475259891e-06,0.7325884462195247,2.7901671670207206e-07,,0.9929093513194329,2383
Ca6,0.4,0.9,linear,1.5648431437194884e-06,0.58303184165598,1.4919848923493662e-07,8.603776100355478e-10,0.9997222737114049,2383
Ca6,0.4,1.0,simple,1.5190137769592027e-06,0.7408541465248358,2.807851857210847e-07,,0.9927129652419184,2381
Ca6,0.4,1.0,linear,1.5647342404313879e-06,0.5828160258571767,1.4903503123183278e-07,8.610453872942475e-10,0.999702101802657,2381
Ca6,0.4,2.0,simple,1.685620981871931e-06,0.8129076321497591,2.9326028728983075e-07,,0.9911121935811033,2361
Ca6,0.4,2.0,linear,1.5631425942635654e-06,0.5811213891690694,1.47894469694114e-07,8.652605122194319e-10,0.999500101551586,2361
Ca6,0.4,3.0,simple,1.8998548371855165e-06,0.8802391966208548,3.01626619376404e-07,,0.9901688512881966,2341
Ca6,0.4,3.0,linear,1.5741047509285717e-06,0.5901404738798368,1.5346151107571315e-07,8.458409814746478e-10,0.9992973205760433,2341
Ca6,0.4,4.0,simple,2.166152783863788e-06,0.9459023742018687,3.078910259270246e-07,,0.989510297098961,2321
Ca6,0.4,4.0,linear,1.5965092671356326e-06,0.6050597588232756,1.6174286597936303e-07,8.179515728510856e-10,0.9990933719558043,2321
Ca6,0.4,5.0,simple,2.4894779123705256e-06,1.0098496564279154,3.1271272321183566e-07,,0.9889869312238435,2301
Ca6,0.4,5.0,linear,1.6299174034663102e-06,0.6238242780745297,1.710703163261903e-07,7.870614364589266e-10,0.9988836323666448,2301
Ca7,0.4,0.1,simple,1.4701546139077613e-06,0.6405338428048065,2.257678314045725e-07,,0.9988865440567632,2399
Ca7,0.4,0.1,linear,1.507087463755602e-06,0.627630009303107,2.0274162627929482e-07,2.0663147017586656e-10,0.999120419704655,2399
Ca7,0.4,0.2,simple,1.4663150596492975e-06,0.6280704331225803,2.2019210641483436e-07,,0.9990607079201812,2397
Ca7,0.4,0.2,linear,1.5304055268570916e-06,0.5970366082657154,1.7391533933196425e-07,3.6286055643440937e-10,0.9998939850184156,2397
Ca7,0.4,0.3,simple,1.470641539555618e-06,0.6351793591805195,2.2319093836959345e-07,,0.999007051630664,2395
Ca7,0.4,0.3,linear,1.529751263644115e-06,0.5983428556261854,1.7512080841521295e-07,3.567634490780279e-10,0.9998733176163846,2395
Ca7,0.4,0.4,simple,1.4754447820653563e-06,0.6404884883787119,2.2522845307126476e-07,,0.9989468030365077,2393
Ca7,0.4,0.4,linear,1.529763025034491e-06,0.5984892182939514,1.7523672342461147e-07,3.5622955037296574e-10,0.9998535662144413,2393
Ca7,0.4,0.5,simple,1.481111062702421e-06,0.6457056674340941,2.2711660302924175e-07,,0.9989161189139099,2391
Ca7,0.4,0.5,linear,1.5297422581221694e-06,0.5994974369536579,1.7605695562719803e-07,3.523712003469073e-10,0.9998365274968387,2391
Ca7,0.4,0.6,simple,1.4868163470029174e-06,0.6502786616287148,2.2868298392806473e-07,,0.9988848242638867,2389
Ca7,0.4,0.6,linear,1.5298230715709941e-06,0.6001482585303184,1.7656535973984995e-07,3.5003465416332494e-10,0.9998198754113197,2389
Ca7,0.4,0.7,simple,1.4927467861653332e-06,0.6545616636172384,2.3008197573730051e-07,,0.9988591349794756,2387
Ca7,0.4,0.7,linear,1.530012634341901e-06,0.6008654604920399,1.7710387085486303e-07,3.4761831639942124e-10,0.9998038322471551,2387
Ca7,0.4,0.8,simple,1.4987500104807118e-06,0.6585573210781609,2.3133384481126506e-07,,0.998835775076987,2385
Ca7,0.4,0.8,linear,1.5302535713441152e-06,0.6015241199371462,1.7758402126837962e-07,3.455014446319514e-10,0.999788321020319,2385
Ca7,0.4,0.9,simple,1.504763973311455e-06,0.6623001398669953,2.324635163513873e-07,,0.9988136150685512,2383
Ca7,0.4,0.9,linear,1.53050820619759e-06,0.6020923876879997,1.779883158489191e-07,3.4374484557601587e-10,0.9997733706141522,2383
Ca7,0.4,1.0,simple,1.5107887626395566e-06,0.6658382411005056,2.334952327914021e-07,,0.9987917168739427,2381
Ca7,0.4,1.0,linear,1.5307750517866736e-06,0.6025867417312429,1.7833066246838757e-07,3.422827223627057e-10,0.9997582811853923,2381
Ca7,0.4,2.0,simple,1.5707790543969178e-06,0.694702829347218,2.408539616517673e-07,,0.998593308780827,2361
Ca7,0.4,2.0,linear,1.5325399122236483e-06,0.6051754611637188,1.8004598492568895e-07,3.3514580610198377e-10,0.9996131378018188,2361
Ca7,0.4,3.0,simple,1.6449438445320516e-06,0.7226656395833515,2.466450371415447e-07,,0.9985587678353945,2341
Ca7,0.4,3.0,linear,1.5486749767245183e-06,0.6177245645752022,1.8689738913845158e-07,3.0987032085499277e-10,0.9994856427051924,2341
Ca7,0.4,4.0,simple,1.7253688057005867e-06,0.7484359614482975,2.511853669250668e-07,,0.998565948027007,2321
Ca7,0.4,4.0,linear,1.5753960142355776e-06,0.6345395881261381,1.950483461552022e-07,2.8076925396736566e-10,0.999364911132646,2321
Ca7,0.4,5.0,simple,1.811112988827886e-06,0.7726865500305811,2.5493771422306475e-07,,0.9985827240732592,2301
Ca7,0.4,5.0,linear,1.6123421188559561e-06,0.6542513020834055,2.0355593507646611e-07,2.5089343242197783e-10,0.9992484485292403,2301
Ca8,0.4,0.1,simple,1.4588772166658698e-06,0.6541881126943271,2.379596648923141e-07,,0.9980300171769607,2399
Ca8,0.4,0.1,linear,1.5041823719185088e-06,0.6382453207726932,2.1010350834218908e-07,2.551741866860853e-10,0.9983888370546452,2399
Ca8,0.4,0.2,simple,1.4535932840967127e-06,0.6354218281348696,2.2990458687340677e-07,,0.9984388444976806,2397
Ca8,0.4,0.2,linear,1.5381677283019213e-06,0.5944146412677933,1.690125964357153e-07,4.800312392665675e-10,0.9999161332163423,2397
Ca8,0.4,0.3,simple,1.4588810340430339e-06,0.6439263667027432,2.333352198642162e-07,,0.9983109867817875,2395
Ca8,0.4,0.3,linear,1.5380568169352603e-06,0.5945898562723021,1.6918172160162538e-07,4.791669479452028e-10,0.9998975137541277,2395
Ca8,0.4,0.4,simple,1.4649949748452774e-06,0.6507600601933866,2.3585282199930443e-07,,0.9981979569670795,2393
Ca8,0.4,0.4,linear,1.5381835020410297e-06,0.5940969870949421,1.6874788650309753e-07,4.812641785414116e-10,0.9998815030827248,2393
Ca8,0.4,0.5,simple,1.4718061438186088e-06,0.6569874667139712,2.379924550256051e-07,,0.9981115551831189,2391
Ca8,0.4,0.5,linear,1.538176638615118e-06,0.5938830727241741,1.685729359348955e-07,4.820695558970124e-10,0.9998662955400309,2391
Ca8,0.4,0.6,simple,1.4788736737394238e-06,0.6626076798038167,2.398127393507781e-07,,0.9980340145207448,2389
Ca8,0.4,0.6,linear,1.5381190628264048e-06,0.5935376130750564,1.6830006012450177e-07,4.832949324688132e-10,0.9998520472334371,2389
Ca8,0.4,0.7,simple,1.4863154544864864e-06,0.6679357158364718,2.414521139750825e-07,,0.9979695318994987,2387
Ca8,0.4,0.7,linear,1.5380690843082696e-06,0.5933778318163339,1.6817863377833885e-07,4.83825005105867e-10,0.9998382629132133,2387
Ca8,0.4,0.8,simple,1.4940737235039972e-06,0.6730449442585187,2.429537816407605e-07,,0.9979154794816869,2385
Ca8,0.4,0.8,linear,1.5380638503893293e-06,0.5933879446172421,1.6818803866617736e-07,4.837786606948265e-10,0.9998248795174761,2385
Ca8,0.4,0.9,simple,1.5020774444857934e-06,0.6779616668004015,2.4433981117470857e-07,,0.9978688472302931,2383
Ca8,0.4,0.9,linear,1.538112339680059e-06,0.5935109110451702,1.682794394597023e-07,4.833859820015451e-10,0.9998117467368329,2383
Ca8,0.4,1.0,simple,1.5100836157250222e-06,0.6825968922669847,2.455975127576043e-07,,0.9978226673477975,2381
Ca8,0.4,1.0,linear,1.5380969433022092e-06,0.5934926677706144,1.6826751973939138e-07,4.834322262297134e-10,0.9997987978738666,2381
Ca8,0.4,2.0,simple,1.5920253815336655e-06,0.7210175548172248,2.5454600190170396e-07,,0.9974092508656219,2361
Ca8,0.4,2.0,linear,1.5349051326241643e-06,0.5901395663925667,1.6613155441122766e-07,4.91507613598817e-10,0.9996773888027499,2361
Ca8,0.4,3.0,simple,1.6929936934519855e-06,0.757541561905855,2.6126403217730037e-07,,0.9972489768847205,2341
Ca8,0.4,3.0,linear,1.5417323303517393e-06,0.5957516638839065,1.6943159517483778e-07,4.797959481280904e-10,0.9995602379130841,2341
Ca8,0.4,4.0,simple,1.8056692263347333e-06,0.7914634047119568,2.6642665643244434e-07,,0.9971744708046494,2321
Ca8,0.4,4.0,linear,1.5552971684027937e-06,0.605001884464439,1.7440665712343288e-07,4.6287624763100953e-10,0.9994426611270982,2321
Ca8,0.4,5.0,simple,1.930434499431595e-06,0.8240382908568433,2.706907809490574e-07,,0.997123917154519,2301
Ca8,0.4,5.0,linear,1.5738441104890292e-06,0.6159019348646662,1.7977057011646e-07,4.451924616219223e-10,0.9993191081404111,2301
Ca9,0.4,0.1,simple,1.4408666432287818e-06,0.6413144447137692,2.355247061895534e-07,,0.9982997106324515,2399
Ca9,0.4,0.1,linear,1.5247824771456419e-06,0.6120326304989345,1.826735004003729e-07,4.693895508711594e-10,0.9995355853341643,2399
Ca9,0.4,0.2,simple,1.43939506667233e-06,0.6404495465750566,2.3527778034133333e-07,,0.9977230764154968,2397
Ca9,0.4,0.2,linear,1.5413535206180252e-06,0.5908917114720691,1.6193176298091406e-07,5.794297188397046e-10,0.9999062658584636,2397
Ca9,0.4,0.3,simple,1.4454589992048304e-06,0.6502305507057731,2.3909911283892576e-07,,0.9975055538499201,2395
Ca9,0.4,0.3,linear,1.5416030516806697e-06,0.590217678405621,1.613140902951388e-07,5.824410212439528e-10,0.9998863447999563,2395
Ca9,0.4,0.4,simple,1.4524706077576742e-06,0.6580609915663364,2.4187881314186704e-07,,0.9973097271619428,2393
Ca9,0.4,0.4,linear,1.541955791651019e-06,0.5887423645090606,1.6000162653798331e-07,5.886931539445136e-10,0.9998709837520054,2393
Ca9,0.4,0.5,simple,1.4603386861123078e-06,0.6652393596011025,2.44245950547094e-07,,0.9971543137517187,2391
Ca9,0.4,0.5,linear,1.5419858133189667e-06,0.5876688472733627,1.5909339937354828e-07,5.928559096602765e-10,0.9998555677061663,2391
Ca9,0.4,0.6,simple,1.4685097339082087e-06,0.6717149962823052,2.4625174004220515e-07,,0.9970121152989906,2389
Ca9,0.4,0.6,linear,1.5418436912820793e-06,0.5864383189343376,1.5808747765340832e-07,5.973369521910528e-10,0.9998416201226493,2389
Ca9,0.4,0.7,simple,1.477282435786351e-06,0.6779680432266206,2.480856973468874e-07,,0.9968950946317546,2387
Ca9,0.4,0.7,linear,1.5416535821173502e-06,0.5856295026347618,1.5744515162227803e-07,6.00127408811789e-10,0.9998274169343906,2387
Ca9,0.4,0.8,simple,1.4863022468522066e-06,0.6838759158508443,2.497357855998154e-07,,0.9967882732347388,2385
Ca9,0.4,0.8,linear,1.5413866123790721e-06,0.5848431830525711,1.5683668382219472e-07,6.027118421772874e-10,0.9998137539482705,2385
Ca9,0.4,0.9,simple,1.4954679981262141e-06,0.6894686574464739,2.512298259645791e-07,,0.9966868723969542,2383
Ca9,0.4,0.9,linear,1.5410320681899393e-06,0.583999508409646,1.561966392154628e-07,6.053803683780927e-10,0.9998004645232684,2383
Ca9,0.4,1.0,simple,1.5049411332548815e-06,0.6949098357639695,2.526251672242744e-07,,0.9965957510580913,2381
Ca9,0.4,1.0,linear,1.5406903140393747e-06,0.5833141762358712,1.556867825030795e-07,6.074671380048903e-10,0.9997871957688758,2381
Ca9,0.4,2.0,simple,1.6112069803076039e-06,0.7437623981424454,2.631856347928345e-07,,0.9959649970074104,2361
Ca9,0.4,2.0,linear,1.5381896604619706e-06,0.5803892598570121,1.5370844161424519e-07,6.149074545263288e-10,0.9996537818125981,2361
Ca9,0.4,3.0,simple,1.7413724999394193e-06,0.7891751607220739,2.7072144723151865e-07,,0.9956569361855359,2341
Ca9,0.4,3.0,linear,1.5444829757126899e-06,0.5856637700227932,1.5693377916929252e-07,6.037453639235498e-10,0.9995180587734553,2341
Ca9,0.4,4.0,simple,1.8904604671113033e-06,0.831550842941158,2.763837580626634e-07,,0.9954868055229543,2321
Ca9,0.4,4.0,linear,1.558432380283039e-06,0.5953473708194467,1.6235755411177905e-07,5.857437959244083e-10,0.999381021937733,2321
Ca9,0.4,5.0,simple,2.062352442396516e-06,0.8731452448476474,2.8106849191253617e-07,,0.9953814539559436,2301
Ca9,0.4,5.0,linear,1.5793645289978892e-06,0.6078282097963716,1.6874449537180497e-07,5.651186732826188e-10,0.9992411012689936,2301
Ca10,0.4,0.1,simple,1.4240723404774474e-06,0.6705843997096977,2.564220567030948e-07,,0.9968466713110851,2399
Ca10,0.4,0.1,linear,1.4934921369617085e-06,0.6457870856731133,2.142568720714749e-07,3.94738980651735e-10,0.9977358338120885,2399
Ca10,0.4,0.2,simple,1.4182833969050695e-06,0.6503287274928655,2.48440579994336e-07,,0.9969155405251374,2397
Ca10,0.4,0.2,linear,1.5338718044775348e-06,0.5935873643890369,1.6593398080715748e-07,6.609756608120128e-10,0.99986122912242,2397
Ca10,0.4,0.3,simple,1.4259421041126696e-06,0.6626954790899482,2.5299811644814835e-07,,0.9966825037886903,2395
Ca10,0.4,0.3,linear,1.5332624910971178e-06,0.5948192477071742,1.6708175323123742e-07,6.552235728284919e-10,0.999831768379758,2395
Ca10,0.4,0.4,simple,1.434947959305783e-06,0.6728069745504098,2.56357148909044e-07,,0.9964840961402276,2393
Ca10,0.4,0.4,linear,1.5331872290831299e-06,0.5953023312296294,1.674939975483357e-07,6.532593025450805e-10,0.9998042316777905,2393
Ca10,0.4,0.5,simple,1.4449285784933707e-06,0.6819272338533398,2.5914911735129004e-07,,0.996330798934485,2391
Ca10,0.4,0.5,linear,1.5331697192242064e-06,0.5959561543133073,1.68032823441294e-07,6.507433185473766e-10,0.9997789572046619,2391
Ca10,0.4,0.6,simple,1.4554605280716844e-06,0.6902622310621879,2.615291168485459e-07,,0.9961994060808821,2389
Ca10,0.4,0.6,linear,1.5332525198271773e-06,0.5965687154017881,1.685157051292887e-07,6.485484456837069e-10,0.9997547729747697,2389
Ca10,0.4,0.7,simple,1.4663278347417696e-06,0.6979811270209648,2.6360394863209297e-07,,0.9960808745842687,2387
Ca10,0.4,0.7,linear,1.5333823945654331e-06,0.5970835456353701,1.6890840136363717e-07,6.467991420501565e-10,0.9997313325415919,2387
Ca10,0.4,0.8,simple,1.477482678143401e-06,0.7052465589035479,2.654544675805541e-07,,0.9959733480143732,2385
Ca10,0.4,0.8,linear,1.5335491466836706e-06,0.5975625587777503,1.692639156239453e-07,6.452422475110253e-10,0.9997085960442316,2385
Ca10,0.4,0.9,simple,1.488876891355206e-06,0.7121459839286594,2.6712742493138357e-07,,0.9958734786601071,2383
Ca10,0.4,0.9,linear,1.5337489971360208e-06,0.5980061286348743,1.6958359642633226e-07,6.438686801337969e-10,0.9996860361282849,2383
Ca10,0.4,1.0,simple,1.5006080161246302e-06,0.7188185461669938,2.6867374434862517e-07,,0.9957846675902728,2381
Ca10,0.4,1.0,linear,1.53404704795299e-06,0.5985610421284654,1.6997351422001783e-07,6.422204764347589e-10,0.9996638853335876,2381
Ca10,0.4,2.0,simple,1.6268645894892782e-06,0.7757678248804135,2.7962348768191145e-07,,0.9950772882661515,2361
Ca10,0.4,2.0,linear,1.537797577254894e-06,0.6032672064610998,1.7302749731125643e-07,6.299181933564534e-10,0.9994457098682834,2361
Ca10,0.4,3.0,simple,1.7857772182806826e-06,0.8292427650432073,2.8731173390819384e-07,,0.9948429382580534,2341
Ca10,0.4,3.0,linear,1.558736477561475e-06,0.6194405805826328,1.8189660468266482e-07,5.972390801839404e-10,0.9992530820107031,2341
Ca10,0.4,4.0,simple,1.97320937291034e-06,0.8802188456416918,2.9314260669280357e-07,,0.9947828903862732,2321
Ca10,0.4,4.0,linear,1.5935579872699621e-06,0.6408967483384304,1.9219890659195606e-07,5.602251039958928e-10,0.9990753260147187,2321
Ca10,0.4,5.0,simple,2.1897674865857226e-06,0.9291921479002334,2.977384464459412e-07,,0.9947950735741808,2301
Ca10,0.4,5.0,linear,1.641431109946398e-06,0.6655953684134084,2.0260154934385563e-07,5.231406329218772e-10,0.9989031253381381,2301
Ca11,0.4,0.1,simple,1.406196055287137e-06,0.6578819371068603,2.510759359808106e-07,,0.997813468459026,2399
Ca11,0.4,0.1,linear,1.4844101847917503e-06,0.6297599054227526,2.0278700632195537e-07,4.4152619508780034e-10,0.9989564922956833,2399
Ca11,0.4,0.2,simple,1.4032434990285765e-06,0.6476920009843026,2.4700043842412213e-07,,0.9971752986586513,2397
Ca11,0.4,0.2,linear,1.513901643370353e-06,0.5927019232946603,1.6783866594911032e-07,6.315608975567749e-10,0.9999148964340984,2397
Ca11,0.4,0.3,simple,1.4102668980251851e-06,0.6591698701225819,2.51234353778652e-07,,0.9969363971703982,2395
Ca11,0.4,0.3,linear,1.5137459686365646e-06,0.5929928071703429,1.6811032044202646e-07,6.301945533231693e-10,0.9998956901396947,2395
Ca11,0.4,0.4,simple,1.418382668972632e-06,0.6684064055563477,2.5431579186096595e-07,,0.9967231552204825,2393
Ca11,0.4,0.4,linear,1.5138937598819908e-06,0.5923715211123722,1.6757187848778115e-07,6.327810195395573e-10,0.9998791379416393,2393
Ca11,0.4,0.5,simple,1.4276358264463432e-06,0.6769873046364313,2.5696078850762017e-07,,0.9965686545063239,2391
Ca11,0.4,0.5,linear,1.5138816623904144e-06,0.5923833935495961,1.6758410048813732e-07,6.327163384854109e-10,0.9998633051019943,2391
Ca11,0.4,0.6,simple,1.4371379978685385e-06,0.6846277637831507,2.591625978004377e-07,,0.9964218551007865,2389
Ca11,0.4,0.6,linear,1.5138223164730466e-06,0.5919976924849527,1.6728217614728154e-07,6.340693066835725e-10,0.9998484025055134,2389
Ca11,0.4,0.7,simple,1.4473273152209197e-06,0.6919823535809544,2.611610762238915e-07,,0.9963054776458217,2387
Ca11,0.4,0.7,linear,1.5138278263428027e-06,0.5920416575375155,1.673168632354034e-07,6.33913188964572e-10,0.9998338167875654,2387
Ca11,0.4,0.8,simple,1.4578018295117443e-06,0.6989195668102096,2.629496080511755e-07,,0.9962004764544073,2385
Ca11,0.4,0.8,linear,1.5138303248443298e-06,0.59207677053757,1.6734493483884483e-07,6.337858356793411e-10,0.9998197509284904,2385
Ca11,0.4,0.9,simple,1.4683540689450243e-06,0.7054212407223773,2.645475317136332e-07,,0.996097373019694,2383
Ca11,0.4,0.9,linear,1.513752876475717e-06,0.5919123140858733,1.6722689801636017e-07,6.342824019876688e-10,0.9998058481914945,2383
Ca11,0.4,1.0,simple,1.4792834592673823e-06,0.7117521397170691,2.6603667646483816e-07,,0.9960075414168016,2381
Ca11,0.4,1.0,linear,1.5137541332272043e-06,0.5919317913517155,1.6724246380609592e-07,6.342120213797936e-10,0.9997922892609786,2381
Ca11,0.4,2.0,simple,1.5965513200292367e-06,0.7658180607309704,2.7665193818170447e-07,,0.9952506620266671,2361
Ca11,0.4,2.0,linear,1.5121764377078988e-06,0.5902019714240893,1.6614677825605785e-07,6.383719457059995e-10,0.9996593691087002,2361
Ca11,0.4,3.0,simple,1.742789196344571e-06,0.8162237327650531,2.840869163957208e-07,,0.9949478987480753,2341
Ca11,0.4,3.0,linear,1.5230760843691634e-06,0.5993339128327629,1.714263337434381e-07,6.194943180179612e-10,0.9995309054408762,2341
Ca11,0.4,4.0,simple,1.9136418183500377e-06,0.8642122733883668,2.897787177695455e-07,,0.9947732803295443,2321
Ca11,0.4,4.0,linear,1.5414483278898628e-06,0.611754007751081,1.778756998139862e-07,5.973790446707595e-10,0.9994016656199765,2321
Ca11,0.4,5.0,simple,2.109449949566242e-06,0.9102398825360297,2.942882365682069e-07,,0.9946539991983975,2301
Ca11,0.4,5.0,linear,1.5659794292027572e-06,0.6259342428939966,1.845414591800154e-07,5.750800446082745e-10,0.9992716879629912,2301
Ca12,0.4,0.1,simple,1.3570185637095476e-06,0.6546967328596918,2.4599237972637395e-07,,0.9979268153736859,2399
Ca12,0.4,0.1,linear,1.428491730253727e-06,0.6280237314429201,2.0175452632834954e-07,4.0260683060356294e-10,0.9989490560799843,2399
Ca12,0.4,0.2,simple,1.3539441113078447e-06,0.6443566358353638,2.4197115542177804e-07,,0.9974246287129874,2397
Ca12,0.4,0.2,linear,1.456063436161048e-06,0.591674618410048,1.6871879523737885e-07,5.815535280161862e-10,0.9999131693610689,2397
Ca12,0.4,0.3,simple,1.3601275798338386e-06,0.6548753770736807,2.4577081563881155e-07,,0.9971801615665119,2395
Ca12,0.4,0.3,linear,1.4562784603085374e-06,0.5911232165393282,1.6823744100700391e-07,5.839206941998953e-10,0.9998939018849047,2395
Ca12,0.4,0.4,simple,1.3672005330191122e-06,0.663215865752202,2.4850184444523154e-07,,0.996956206461581,2393
Ca12,0.4,0.4,linear,1.4566575215519408e-06,0.5895494109749415,1.6691259568476536e-07,5.902610225319004e-10,0.9998815316637699,2393
Ca12,0.4,0.5,simple,1.3754927153607568e-06,0.6712087683737507,2.5092768254197503e-07,,0.9967988317148697,2391
Ca12,0.4,0.5,linear,1.4566817784421505e-06,0.5890245049805886,1.6649200824153942e-07,5.922008969648094e-10,0.9998664720840388,2391
Ca12,0.4,0.6,simple,1.3841819536807041e-06,0.6784786054320973,2.529943116979743e-07,,0.9966590373047652,2389
Ca12,0.4,0.6,linear,1.45662378811943e-06,0.5884148990134052,1.660215411655768e-07,5.943116047992219e-10,0.9998523469936889,2389
Ca12,0.4,0.7,simple,1.393088129109286e-06,0.6851745783313058,2.547926324732867e-07,,0.9965287788188469,2387
Ca12,0.4,0.7,linear,1.4564653809854584e-06,0.5876579661851523,1.6545471995183375e-07,5.967938581608987e-10,0.9998391065489525,2387
Ca12,0.4,0.8,simple,1.402321469455587e-06,0.6915492354094971,2.564202558061073e-07,,0.9964125027883922,2385
Ca12,0.4,0.8,linear,1.4562655655374653e-06,0.5870075401385325,1.649801326455839e-07,5.98827176751594e-10,0.9998260294381288,2385
Ca12,0.4,0.9,simple,1.4117608437272397e-06,0.6976177387776037,2.5789993119525694e-07,,0.9963043325960581,2383
Ca12,0.4,0.9,linear,1.456010773861792e-06,0.5863533695245425,1.645131732429491e-07,6.007897502626594e-10,0.9998132802844157,2383
Ca12,0.4,1.0,simple,1.4215174752204357e-06,0.7035170539786987,2.592784105165107e-07,,0.9962075118335895,2381
Ca12,0.4,1.0,linear,1.4557827450271407e-06,0.5858528963875079,1.6416219596614762e-07,6.02241388206586e-10,0.9998006703596986,2381
Ca12,0.4,2.0,simple,1.527641183819751e-06,0.7547782482827673,2.6933158057542617e-07,,0.9954385956497432,2361
Ca12,0.4,2.0,linear,1.451930954620921e-06,0.5809341396690475,1.6101198346193683e-07,6.142108663531078e-10,0.9996780149227027,2361
Ca12,0.4,3.0,simple,1.660970014930098e-06,0.8034318904198571,2.765961270803215e-07,,0.9950842422615538,2341
Ca12,0.4,3.0,linear,1.4578048455594686e-06,0.5862067440115929,1.640623236090167e-07,6.035963270839765e-10,0.9995511743529022,2341
Ca12,0.4,4.0,simple,1.8131253004122161e-06,0.8483149866334447,2.8193843541727636e-07,,0.9948514510645111,2321
Ca12,0.4,4.0,linear,1.4691520682980726e-06,0.5945919319007394,1.6850226578266368e-07,5.888370071298334e-10,0.9994179043009616,2321
Ca12,0.4,5.0,simple,1.9886490626868804e-06,0.8922052074697053,2.8632285508185257e-07,,0.9946644521626605,2301
Ca12,0.4,5.0,linear,1.4847900620936409e-06,0.6045780630961922,1.733641149018241e-07,5.731724289634318e-10,0.9992737231996122,2301
Ca13,0.4,0.1,simple,1.3722931794087962e-06,0.6589525504672663,2.504117415868397e-07,,0.9976345616462485,2399
Ca13,0.4,0.1,linear,1.45509015673167e-06,0.6285065009875919,1.9929194104148196e-07,4.671842060322254e-10,0.9989720953134418,2399
Ca13,0.4,0.2,simple,1.3702017788515715e-06,0.64894775626609,2.464507217754201e-07,,0.9967482911405253,2397
Ca13,0.4,0.2,linear,1.4866164034288606e-06,0.5899320240192538,1.6308532112928034e-07,6.64169372954772e-10,0.9999111515435446,2397
Ca13,0.4,0.3,simple,1.3771659776751518e-06,0.6605434329343243,2.5060333270473813e-07,,0.9964199662918167,2395
Ca13,0.4,0.3,linear,1.4870162358678867e-06,0.5890022879943884,1.6224555265135526e-07,6.683002724502503e-10,0.999891858950416,2395
Ca13,0.4,0.4,simple,1.3854458350980594e-06,0.6701241392864791,2.537013614010152e-07,,0.9961452995941235,2393
Ca13,0.4,0.4,linear,1.4873559335454834e-06,0.5876511517115276,1.610763055016923e-07,6.738728541850189e-10,0.9998779228636064,2393
Ca13,0.4,0.5,simple,1.3949439025103174e-06,0.6790870619162522,2.5637589552009867e-07,,0.995940815113413,2391
Ca13,0.4,0.5,linear,1.4873868607625227e-06,0.5870850812112614,1.6060987400876626e-07,6.760164056318918e-10,0.999862402329824,2391
Ca13,0.4,0.6,simple,1.4050309200691965e-06,0.6873412340316902,2.586748674937427e-07,,0.9957653842355194,2389
Ca13,0.4,0.6,linear,1.487344436550788e-06,0.5866078945536908,1.6023108203988962e-07,6.777099076393618e-10,0.9998475525551801,2389
Ca13,0.4,0.7,simple,1.415479057820147e-06,0.6950164672577224,2.606877000323434e-07,,0.9956064433510198,2387
Ca13,0.4,0.7,linear,1.4872367760914704e-06,0.5860941158336288,1.5983596269980112e-07,6.794336250932518e-10,0.9998332661776891,2387
Ca13,0.4,0.8,simple,1.4262336697913654e-06,0.7022601213215124,2.6248774234715267e-07,,0.9954606608417753,2385
Ca13,0.4,0.8,linear,1.4870790205521884e-06,0.5855781536090597,1.5944909132743356e-07,6.8108682077892e-10,0.9998194188236842,2385
Ca13,0.4,0.9,simple,1.4371361395320467e-06,0.7090917282039357,2.6410458134162574e-07,,0.995320467988666,2383
Ca13,0.4,0.9,linear,1.4868222234845741e-06,0.584936425381201,1.5897980432582037e-07,6.830500985198208e-10,0.9998059034414227,2383
Ca13,0.4,1.0,simple,1.4484658054912132e-06,0.7157600162113494,2.6561297638111247e-07,,0.9951961888106535,2381
Ca13,0.4,1.0,linear,1.4866272207793554e-06,0.5845154416978332,1.586769929885797e-07,6.842980273083129e-10,0.9997924557928366,2381
Ca13,0.4,2.0,simple,1.5747881111152512e-06,0.774673255080897,2.766533626495035e-07,,0.9942534734496086,2361
Ca13,0.4,2.0,linear,1.4848641448416557e-06,0.5822140051194894,1.5715541132324348e-07,6.901266343787366e-10,0.999659545326932,2361
Ca13,0.4,3.0,simple,1.7345801433117345e-06,0.8298796606284199,2.8431688918542693e-07,,0.9938696270411713,2341
Ca13,0.4,3.0,linear,1.4964410265598908e-06,0.5922576967809983,1.6302336396405352e-07,6.695345169619347e-10,0.99953484902961,2341
Ca13,0.4,4.0,simple,1.9255065244392107e-06,0.8830943745635687,2.9018511153256596e-07,,0.993668804127719,2321
Ca13,0.4,4.0,linear,1.5174267164629234e-06,0.6068730117454187,1.706690949961708e-07,6.436801913592164e-10,0.9994157636800483,2321
Ca13,0.4,5.0,simple,2.1494976474043083e-06,0.9346978354160842,2.9482548059534406e-07,,0.99356104532269,2301
Ca13,0.4,5.0,linear,1.5475083744507692e-06,0.6246148011556922,1.7900234023087441e-07,6.159962737709947e-10,0.9992980881688598,2301
Ca14,0.4,0.1,simple,1.1718715033636543e-06,0.6844710132061768,2.7998895333165985e-07,,0.9969627056938913,2399
Ca14,0.4,0.1,linear,1.2404971445426208e-06,0.654935370704887,2.387065145567227e-07,3.953191259118887e-10,0.9982787439635824,2399
Ca14,0.4,0.2,simple,1.1680391056475158e-06,0.6720199160794743,2.762886817707111e-07,,0.9964779451622916,2397
Ca14,0.4,0.2,linear,1.2652663772855396e-06,0.6136928571357432,2.0864257319335767e-07,5.649300709050662e-10,0.9997432238616346,2397
Ca14,0.4,0.3,simple,1.1755974917602389e-06,0.6871651473832747,2.805242522458276e-07,,0.9963123581314759,2395
Ca14,0.4,0.3,linear,1.2636584985685665e-06,0.6183714238683894,2.1197143166205544e-07,5.475990084650777e-10,0.9997073553593739,2395
Ca14,0.4,0.4,simple,1.184459760331311e-06,0.6992013687297337,2.8351910158505535e-07,,0.9961514185837786,2393
Ca14,0.4,0.4,linear,1.263377555175911e-06,0.6214308760195992,2.1396158205787828e-07,5.376166748666847e-10,0.9996687629241431,2393
Ca14,0.4,0.5,simple,1.1945811206249094e-06,0.7103592851505364,2.860590049578337e-07,,0.9960688386564858,2391
Ca14,0.4,0.5,linear,1.2635654347248548e-06,0.625108372097141,2.1622520658970712e-07,5.264914406018059e-10,0.9996403746978504,2391
Ca14,0.4,0.6,simple,1.205237506758896e-06,0.7204953393803134,2.881956487235161e-07,,0.996004433989831,2389
Ca14,0.4,0.6,linear,1.2642013043231483e-06,0.6285438918305819,2.1822950006862182e-07,5.168301200706305e-10,0.9996138243899815,2389
Ca14,0.4,0.7,simple,1.216041721520217e-06,0.7296879260192748,2.9000849424436443e-07,,0.995937167438339,2387
Ca14,0.4,0.7,linear,1.2650633986599195e-06,0.6314634709404757,2.198574400686573e-07,5.091096994861916e-10,0.9995857450234222,2387
Ca14,0.4,0.8,simple,1.2270587038438755e-06,0.7382595424416588,2.9160183589615295e-07,,0.9958751985694121,2385
Ca14,0.4,0.8,linear,1.2661141984334595e-06,0.6341635133440228,2.213051778725892e-07,5.023413492491799e-10,0.999557928039564,2385
Ca14,0.4,0.9,simple,1.238305016581481e-06,0.7463789001514342,2.9303232127694025e-07,,0.9958204117245318,2383
Ca14,0.4,0.9,linear,1.2673420627107685e-06,0.6367676297273763,2.226534477867617e-07,4.961168331841991e-10,0.999530909419807,2383
Ca14,0.4,1.0,simple,1.2498559854881015e-06,0.7541945924261734,2.943426758528218e-07,,0.9957756735036963,2381
Ca14,0.4,1.0,linear,1.2687943638590301e-06,0.6394192914252386,2.2398180389054998e-07,4.900551519681598e-10,0.9995050164502816,2381
Ca14,0.4,2.0,simple,1.372269206908764e-06,0.819045229170676,3.03208143174425e-07,,0.9953720295131043,2361
Ca14,0.4,2.0,linear,1.2877306958756928e-06,0.6612798456806686,2.3350331893053106e-07,4.486615184071297e-10,0.9992399749986209,2361
Ca14,0.4,3.0,simple,1.5218378810567142e-06,0.8777286720074436,3.0910412959076014e-07,,0.9954033082691639,2341
Ca14,0.4,3.0,linear,1.326852519321267e-06,0.6921671870737801,2.4452796008786113e-07,4.0265567821814716e-10,0.9990436010420001,2341
Ca14,0.4,4.0,simple,1.6934286553489334e-06,0.9317231788230043,3.1337148697481215e-07,,0.995516209165653,2321
Ca14,0.4,4.0,linear,1.3805165630755405e-06,0.7254595900968802,2.544593706813107e-07,3.61635749100129e-10,0.9988638897489601,2321
Ca14,0.4,5.0,simple,1.8864172164393488e-06,0.9819014791958524,3.166000567183126e-07,,0.9956466830456547,2301
Ca14,0.4,5.0,linear,1.448159439923864e-06,0.7603109024343294,2.6328888558606e-07,3.250667069354831e-10,0.9986878247605793,2301
Ca15,0.4,0.1,simple,1.171668512946932e-06,0.6764756228543325,2.6781155579126275e-07,,0.9972268489999638,2399
Ca15,0.4,0.1,linear,1.23636081762448e-06,0.6485390706714028,2.286440680408222e-07,3.7002575708919573e-10,0.9983815994709908,2399
Ca15,0.4,0.2,simple,1.1678926199939016e-06,0.6630341800069601,2.63655872129202e-07,,0.9968476737655736,2397
Ca15,0.4,0.2,linear,1.2624668224827428e-06,0.6062701896094529,1.9718911124701547e-07,5.455783354441794e-10,0.9998571344320972,2397
Ca15,0.4,0.3,simple,1.174839480349116e-06,0.6766831691961264,2.6759674620228035e-07,,0.9966674781726705,2395
Ca15,0.4,0.3,linear,1.261383970201432e-06,0.6093346234541209,1.994199620070153e-07,5.341511713624149e-10,0.9998340298645599,2395
Ca15,0.4,0.4,simple,1.1826165168997323e-06,0.687293127708643,2.703499469264979e-07,,0.9964738236179129,2393
Ca15,0.4,0.4,linear,1.2612678715823916e-06,0.6104476194260899,2.0016541180731605e-07,5.304874505373166e-10,0.9998074322156955,2393
Ca15,0.4,0.5,simple,1.1913806820882682e-06,0.6970095298579774,2.726680184627899e-07,,0.9963387595255606,2391
Ca15,0.4,0.5,linear,1.2612889073981919e-06,0.6119508476851826,2.0113142047405535e-07,5.258359362192075e-10,0.9997843921869428,2391
Ca15,0.4,0.6,simple,1.2005215350107663e-06,0.7057703923453749,2.746130641498807e-07,,0.9962175149578026,2389
Ca15,0.4,0.6,linear,1.2614586400398364e-06,0.6131582592303764,2.0187328504801597e-07,5.223456784571696e-10,0.9997618120282294,2389
Ca15,0.4,0.7,simple,1.209866251370388e-06,0.7137924295277442,2.7628621932715757e-07,,0.996102325862657,2387
Ca15,0.4,0.7,linear,1.2616850718763158e-06,0.614070343373073,2.0241252951642494e-07,5.198614090814552e-10,0.9997391105375394,2387
Ca15,0.4,0.8,simple,1.2195077281100533e-06,0.721374894403678,2.7778251513685e-07,,0.9960007552145191,2385
Ca15,0.4,0.8,linear,1.2619888483530562e-06,0.6149841880720299,2.0293649998690214e-07,5.174879433444718e-10,0.9997173457145418,2385
Ca15,0.4,0.9,simple,1.2293841942590935e-06,0.7285920396660333,2.791366176354837e-07,,0.9959085295197925,2383
Ca15,0.4,0.9,linear,1.262354666740248e-06,0.6158761906575698,2.0343346264124187e-07,5.152725126037668e-10,0.9996960560667696,2383
Ca15,0.4,1.0,simple,1.239369541652595e-06,0.7354410651793173,2.8036328589735005e-07,,0.9958189245815825,2381
Ca15,0.4,1.0,linear,1.2627139428213439e-06,0.6166248846927163,2.0383986068181803e-07,5.134874022477897e-10,0.999674605951451,2381
Ca15,0.4,2.0,simple,1.34749698662815e-06,0.7938255261266232,2.889798753344126e-07,,0.9950824163077832,2361
Ca15,0.4,2.0,linear,1.2675878284203471e-06,0.6225043327801844,2.0664025423326954e-07,5.021561473853026e-10,0.9994651977948841,2361
Ca15,0.4,3.0,simple,1.4809004977401561e-06,0.8477409097911497,2.949271415867846e-07,,0.9947907445624986,2341
Ca15,0.4,3.0,linear,1.2844453213311451e-06,0.6376993519787619,2.1303302440814556e-07,4.776059573426477e-10,0.999272588458311,2341
Ca15,0.4,4.0,simple,1.6365773024163175e-06,0.8985709913156247,2.9938171930895565e-07,,0.994638801061615,2321
Ca15,0.4,4.0,linear,1.3099300073098223e-06,0.6561664972049257,2.198503990318218e-07,4.522675812061756e-10,0.9990923016775171,2321
Ca15,0.4,5.0,simple,1.814705684174368e-06,0.947010814049113,3.0286897318101734e-07,,0.9945181767348278,2301
Ca15,0.4,5.0,linear,1.3424989045580339e-06,0.6762548361434998,2.2643135896233843e-07,4.281909459003303e-10,0.9988937278710438,2301
Ca16,0.4,0.1,simple,1.6689288429443624e-06,0.6024963871669975,2.6257326514413725e-07,,0.9926199036296438,2399
Ca16,0.4,0.1,linear,1.4644719766409332e-06,0.6713517657355096,3.892439620851544e-07,-1.1279355909663913e-09,0.9985544139717586,2399
Ca16,0.4,0.2,simple,1.6619211601636214e-06,0.566539606377272,2.398768905533629e-07,,0.9928907835962704,2397
Ca16,0.4,0.2,linear,1.4691836331142492e-06,0.658122854309285,3.7976414744687506e-07,-1.0739909130647754e-09,0.9989750886549016,2397
Ca16,0.4,0.3,simple,1.6565692412820072e-06,0.5571322286401686,2.3389010027407535e-07,,0.9916902832973489,2395
Ca16,0.4,0.3,linear,1.4631440769266109e-06,0.6775083339644931,3.934075901128436e-07,-1.1518308052717308e-09,0.9990914693615383,2395
Ca16,0.4,0.4,simple,1.6481676212510433e-06,0.546650954625419,2.273057840230804e-07,,0.9908094919061009,2393
Ca16,0.4,0.4,linear,1.4628849973064338e-06,0.6923408954212875,4.0257085652022235e-07,-1.2035821372491421e-09,0.9991469779030856,2393
Ca16,0.4,0.5,simple,1.6377965596459718e-06,0.5358110168198804,2.204766214872244e-07,,0.9901325093741379,2391
Ca16,0.4,0.5,linear,1.4653053519186924e-06,0.7048190639337542,4.095580169859138e-07,-1.242769557723204e-09,0.9991798272460871,2391
Ca16,0.4,0.6,simple,1.625887531286302e-06,0.524589476965884,2.1331410135599468e-07,,0.9896209138536827,2389
Ca16,0.4,0.6,linear,1.4690699269779336e-06,0.7151128893137112,4.1487361491724085e-07,-1.2723916967181112e-09,0.9991880510215402,2389
Ca16,0.4,0.7,simple,1.6130303682752665e-06,0.513131624592999,2.0583702808966541e-07,,0.9892308777615335,2387
Ca16,0.4,0.7,linear,1.4735887252212247e-06,0.7239750511414322,4.1914848202698985e-07,-1.2960680491324088e-09,0.9991834465162344,2387
Ca16,0.4,0.8,simple,1.5996345226397297e-06,0.5017309801278259,1.9821883055047578e-07,,0.9889398856256689,2385
Ca16,0.4,0.8,linear,1.4784507341145918e-06,0.7316407802337411,4.2263512522922726e-07,-1.3152660158819268e-09,0.9991692287128813,2385
Ca16,0.4,0.9,simple,1.5864203280044012e-06,0.4909468780308849,1.9084645130960863e-07,,0.988710275805871,2383
Ca16,0.4,0.9,linear,1.4838550751529677e-06,0.7389055051588251,4.25771490518898e-07,-1.3324453199654116e-09,0.9991546044127797,2383
Ca16,0.4,1.0,simple,1.5727164335941434e-06,0.4796168485086587,1.828093891198327e-07,,0.9885620624756679,2381
Ca16,0.4,1.0,linear,1.488918421688818e-06,0.744917034651756,4.282487497417006e-07,-1.3459457937838483e-09,0.999130412961498,2381
Ca16,0.4,2.0,simple,1.4572461433288012e-06,0.37192105017200827,8.759359093265744e-08,,0.9893587934346127,2361
Ca16,0.4,2.0,linear,1.512008650467136e-06,0.7663617684395786,4.362044629165073e-07,-1.3885825620426094e-09,0.9987644219133794,2361
Ca16,0.4,3.0,simple,1.4220736050839464e-06,0.27947053513066256,-4.5331725465856236e-08,,0.9916227810594933,2341
Ca16,0.4,3.0,linear,1.4684361720744744e-06,0.7390188008669054,4.2777428810433923e-07,-1.348327115166783e-09,0.9984429555558563,2341
Ca16,0.4,4.0,simple,1.4908231133399853e-06,0.20455236099747365,-2.358239214101038e-07,,0.9936655214598885,2321
Ca16,0.4,4.0,linear,1.380500374981903e-06,0.6860378349963533,4.110600640007699e-07,-1.277700820841637e-09,0.9982302485571011,2321
Ca16,0.4,5.0,simple,1.7063758627107843e-06,0.14233040552093454,-5.41857606903206e-07,,0.9953704856759619,2301
Ca16,0.4,5.0,linear,1.2571909969557297e-06,0.6038596442049892,3.8113404704766296e-07,-1.1705835469974926e-09,0.9981494279158948,2301
Ca17,0.4,0.1,simple,1.7005997488436277e-06,0.6200808574680562,2.6704128181321174e-07,,0.9979909020176568,2399
Ca17,0.4,0.1,linear,1.6216374742845402e-06,0.6449090962874912,3.162888768517935e-07,-4.390701548105908e-10,0.9988204154975743,2399
Ca17,0.4,0.2,simple,1.6943235704397977e-06,0.5986585501326069,2.5472059555815404e-07,,0.9987448336968047,2397
Ca17,0.4,0.2,linear,1.6342389208014917e-06,0.6250514135363233,2.98173216218551e-07,-3.3857490071620406e-10,0.9993115888391423,2397
Ca17,0.4,0.3,simple,1.6954961679030998e-06,0.6005339985666737,2.557681404983394e-07,,0.9984950870824212,2395
Ca17,0.4,0.3,linear,1.6288533738356524e-06,0.6386507047332666,3.100126443260031e-07,-4.018941360923721e-10,0.9993527119471096,2395
Ca17,0.4,0.4,simple,1.6956919834339855e-06,0.6007293492647348,2.55870173508404e-07,,0.998265491463425,2393
Ca17,0.4,0.4,linear,1.62800567349062e-06,0.6495355967726493,3.1847924421337045e-07,-4.463728100947974e-10,0.9993749515929958,2393
Ca17,0.4,0.5,simple,1.694961362554217e-06,0.6001470802857022,2.5558262030267726e-07,,0.9980552087004668,2391
Ca17,0.4,0.5,linear,1.6294244643758374e-06,0.659064698958703,3.2528401408301507e-07,-4.817033587226977e-10,0.9993927986760631,2391
Ca17,0.4,0.6,simple,1.6931403057970467e-06,0.5987606346394733,2.549116640947924e-07,,0.9978624248166938,2389
Ca17,0.4,0.6,linear,1.6321558578904759e-06,0.6672577686446068,3.307306796370883e-07,-5.097102056891288e-10,0.9994001053061263,2389
Ca17,0.4,0.7,simple,1.690665464069674e-06,0.5970428120710528,2.540994379971612e-07,,0.9976834495966054,2387
Ca17,0.4,0.7,linear,1.6358694732017361e-06,0.6748671223907522,3.354879545905612e-07,-5.339778085008074e-10,0.9994065819501347,2387
Ca17,0.4,0.8,simple,1.6873780040608423e-06,0.5949136790282562,2.5311022763580294e-07,,0.9975184598363094,2385
Ca17,0.4,0.8,linear,1.6401268723801194e-06,0.6816956509683021,3.395301326998166e-07,-5.544544596841662e-10,0.9994073368132836,2385
Ca17,0.4,0.9,simple,1.6835793778152327e-06,0.5925865986038967,2.5204388601635053e-07,,0.9973641859581384,2383
Ca17,0.4,0.9,linear,1.6449187116340447e-06,0.6881361173968993,3.4315960900038087e-07,-5.727259002338088e-10,0.9994071407048261,2383
Ca17,0.4,1.0,simple,1.679195451133005e-06,0.5900194203946765,2.508800609529438e-07,,0.9972209468949049,2381
Ca17,0.4,1.0,linear,1.649994905929972e-06,0.694099743999071,3.4637476554839996e-07,-5.888280514559782e-10,0.9994040381128073,2381
Ca17,0.4,2.0,simple,1.6187325494048816e-06,0.5591204906545211,2.3713257393479752e-07,,0.9961725158579621,2361
Ca17,0.4,2.0,linear,1.7130324442507456e-06,0.7432550695822807,3.685637044187176e-07,-6.980376275417035e-10,0.9993445807597716,2361
Ca17,0.4,3.0,simple,1.537626027934982e-06,0.5203841688116412,2.1916158856556832e-07,,0.995732870754535,2341
Ca17,0.4,3.0,linear,1.7632553336615308e-06,0.7698430063758636,3.779102172459521e-07,-7.426263869368389e-10,0.9991777501396688,2341
Ca17,0.4,4.0,simple,1.4618660236242832e-06,0.48331783974946957,2.003428760341106e-07,,0.9954954922239933,2321
Ca17,0.4,4.0,linear,1.818411040331252e-06,0.7937530801663545,3.8506506261195994e-07,-7.75948582948794e-10,0.9990059706933503,2321
Ca17,0.4,5.0,simple,1.388830229335569e-06,0.4444802240981141,1.780344728853759e-07,,0.9954777067607627,2301
Ca17,0.4,5.0,linear,1.8536963874555035e-06,0.8071361545065553,3.886147228587624e-07,-7.921340438813197e-10,0.9988074083270809,2301
Ca18,0.4,0.1,simple,1.4439325607685981e-06,0.6850970260703652,3.477520673620205e-07,,0.992908664793001,2399
Ca18,0.4,0.1,linear,1.595181816145698e-06,0.6336779612752953,2.555200517998322e-07,8.707949583829417e-10,0.9970082784552781,2399
Ca18,0.4,0.2,simple,1.438499252662268e-06,0.6797909659220892,3.461485744160571e-07,,0.9909278322625035,2397
Ca18,0.4,0.2,linear,1.6275737689198198e-06,0.5909366539112642,2.132821080840279e-07,1.0980543318581297e-09,0.9988407766124677,2397
Ca18,0.4,0.3,simple,1.452880142672808e-06,0.701739148812451,3.5332899663413393e-07,,0.9903111030785487,2395
Ca18,0.4,0.3,linear,1.624581251789329e-06,0.5972442729672592,2.1944080449014108e-07,1.0674301890082296e-09,0.9986206630067821,2395
Ca18,0.4,0.4,simple,1.4697587777826239e-06,0.7196830342287567,3.584611396399277e-07,,0.9897537669700947,2393
Ca18,0.4,0.4,linear,1.6238399149787463e-06,0.6018062346907299,2.2351210716636983e-07,1.0478396767524722e-09,0.9984127891508884,2393
Ca18,0.4,0.5,simple,1.488786221784526e-06,0.7360597575516784,3.6266600684474577e-07,,0.9893360212023037,2391
Ca18,0.4,0.5,linear,1.6240230069792966e-06,0.6067053296819231,2.2762026889974938e-07,1.0284647799739279e-09,0.9982271097535851,2391
Ca18,0.4,0.6,simple,1.508809088082057e-06,0.7508962987185636,3.661381770653014e-07,,0.9889506362296442,2389
Ca18,0.4,0.6,linear,1.6249390599117372e-06,0.6111088110408278,2.311135707727071e-07,1.0122648196491804e-09,0.9980470165551244,2389
Ca18,0.4,0.7,simple,1.5297957442762043e-06,0.7647589782752328,3.691292974949527e-07,,0.9886047760350184,2387
Ca18,0.4,0.7,linear,1.6264399004766753e-06,0.6153977307318786,2.343571117240828e-07,9.974281113535797e-10,0.9978733722084737,2387
Ca18,0.4,0.8,simple,1.551566566008136e-06,0.777848756122788,3.717540796334714e-07,,0.988284268101076,2385
Ca18,0.4,0.8,linear,1.6284165601864056e-06,0.6195608897425333,2.3737191031176152e-07,9.837983662385422e-10,0.9977036442712549,2385
Ca18,0.4,0.9,simple,1.5741092788399595e-06,0.7903614401644278,3.741002723378959e-07,,0.9879872791725449,2383
Ca18,0.4,0.9,linear,1.6308366303367454e-06,0.6236938460491217,2.402485598337875e-07,9.709209720080742e-10,0.9975374204510185,2383
Ca18,0.4,1.0,simple,1.5972937672759128e-06,0.8023734477228908,3.7621806993243356e-07,,0.9877024744179072,2381
Ca18,0.4,1.0,linear,1.633593155753984e-06,0.6277206140518219,2.4295109005602294e-07,9.589224020510636e-10,0.997372249203285,2381
Ca18,0.4,2.0,simple,1.8621117934383949e-06,0.9060930684876554,3.902898921824662e-07,,0.9852438256400761,2361
Ca18,0.4,2.0,linear,1.676891564656761e-06,0.6667822490947867,2.65253401906129e-07,8.626252128468546e-10,0.9957212980172471,2361
Ca18,0.4,3.0,simple,2.201439384153886e-06,0.9981462645728835,3.986067491536809e-07,,0.9831290413872265,2341
Ca18,0.4,3.0,linear,1.7512225636586446e-06,0.7096779805740678,2.842162170822591e-07,7.827232584599095e-10,0.9939953889005857,2341
Ca18,0.4,4.0,simple,2.657593710061006e-06,1.0902368637161746,4.04621193214318e-07,,0.9815867830142155,2321
Ca18,0.4,4.0,linear,1.8800297840993674e-06,0.7661805745133232,3.0413416839481973e-07,6.97378043650375e-10,0.9922805537283013,2321
Ca18,0.4,5.0,simple,3.2537287169524312e-06,1.1814442062362855,4.090923492348518e-07,,0.9800845738357535,2301
Ca18,0.4,5.0,linear,2.0640516201435036e-06,0.8295101148089207,3.2183175542603796e-07,6.188764816738761e-10,0.9904361290532078,2301
Ca19,0.4,0.1,simple,1.6236556769697942e-06,0.6462771773504924,3.2990419744604484e-07,,0.9980102479597474,2399
Ca19,0.4,0.1,linear,1.5996381117733663e-06,0.6540101028380981,3.446369513171903e-07,-1.3648236704391955e-10,0.9980973296209484,2399
Ca19,0.4,0.2,simple,1.6182356270544386e-06,0.6348589096950126,3.245496213402275e-07,,0.9983922223680846,2397
Ca19,0.4,0.2,linear,1.6047857842591008e-06,0.6409762648534952,3.3395435520277086e-07,-7.766641820886308e-11,0.998425963174061,2397
Ca19,0.4,0.3,simple,1.6244537601947418e-06,0.644408627059162,3.288796655886221e-07,,0.998304278409892,2395
Ca19,0.4,0.3,linear,1.5981656599149453e-06,0.6601872978089818,3.4941039498462133e-07,-1.629730639785892e-10,0.9984682738792299,2395
Ca19,0.4,0.4,simple,1.6304785938027323e-06,0.6507369885394848,3.3150087706030195e-07,,0.9981563438092745,2393
Ca19,0.4,0.4,linear,1.5978018416848418e-06,0.675847429515141,3.6046670835522113e-07,-2.2342606705443648e-10,0.9984870977345431,2393
Ca19,0.4,0.5,simple,1.6359765059868964e-06,0.655448593029063,3.333296269133669e-07,,0.9979920874727883,2391
Ca19,0.4,0.5,linear,1.600769465620278e-06,0.689967115166178,3.694710083115011e-07,-2.7242202197104265e-10,0.998511705347972,2391
Ca19,0.4,0.6,simple,1.6406455667459708e-06,0.6589305076088965,3.34612871300445e-07,,0.9978141489889492,2389
Ca19,0.4,0.6,linear,1.6059423171539125e-06,0.7028322916324333,3.76990751096796e-07,-3.1321791740691324e-10,0.9985328282212945,2389
Ca19,0.4,0.7,simple,1.6445050387179895e-06,0.6615287930937297,3.355309250973831e-07,,0.9976286892541387,2387
Ca19,0.4,0.7,linear,1.6127314371845617e-06,0.7148396081257374,3.834927914971809e-07,-3.4843372240755186e-10,0.9985526911509567,2387
Ca19,0.4,0.8,simple,1.6474434179461148e-06,0.6633548894834161,3.3615380536421987e-07,,0.9974370793626897,2385
Ca19,0.4,0.8,linear,1.6206732602852955e-06,0.726013697702502,3.8913983980302715e-07,-3.789809237970325e-10,0.998567267045003,2385
Ca19,0.4,0.9,simple,1.6496262763765772e-06,0.6646277548193305,3.3657539868751144e-07,,0.9972433388351907,2383
Ca19,0.4,0.9,linear,1.629630403673643e-06,0.7366854399785376,3.9420782687531255e-07,-4.063896079165865e-10,0.9985813121950713,2383
Ca19,0.4,1.0,simple,1.6512136828654985e-06,0.6655033967440493,3.3685784446476367e-07,,0.9970488767250361,2381
Ca19,0.4,1.0,linear,1.6395917977585162e-06,0.7470742109650084,3.98862304530159e-07,-4.315650790687467e-10,0.998597396862881,2381
Ca19,0.4,2.0,simple,1.6330662912714278e-06,0.6575980040526781,3.3458943246060263e-07,,0.9951698263251042,2361
Ca19,0.4,2.0,linear,1.773949437555973e-06,0.8384108751764078,4.309427856896637e-07,-6.06497136341609e-10,0.9987437252747683,2361
Ca19,0.4,3.0,simple,1.5572640771033216e-06,0.6265114847517032,3.2573706506180434e-07,,0.9937283470601469,2341
Ca19,0.4,3.0,linear,1.918331692101143e-06,0.9024537473523961,4.4666579952814354e-07,-6.934667922768491e-10,0.9986247103375051,2341
Ca19,0.4,4.0,simple,1.4635908479844401e-06,0.5882022710641582,3.143049198999918e-07,,0.9926523032983906,2321
Ca19,0.4,4.0,linear,2.09852128641963e-06,0.9639256932827518,4.583179903053097e-07,-7.586682994344399e-10,0.9984900722838449,2321
Ca19,0.4,5.0,simple,1.3508499255138553e-06,0.5387676537777194,2.978530959522039e-07,,0.9921143952166738,2301
Ca19,0.4,5.0,linear,2.2587788569925814e-06,1.0088401043047732,4.6524951803164013e-07,-7.978378687171575e-10,0.9982393994355518,2301
Ca20,0.4,0.1,simple,1.5449112126183313e-06,0.6153673703197119,2.451721627523205e-07,,0.9993633395254148,2399
Ca20,0.4,0.1,linear,1.5538433314146692e-06,0.6123685656283105,2.3947786026772053e-07,4.90884530486056e-11,0.9993753512099728,2399
Ca20,0.4,0.2,simple,1.541769091443912e-06,0.599985892065787,2.369763177603174e-07,,0.9996791982641777,2397
Ca20,0.4,0.2,linear,1.5803337357525922e-06,0.5822414236042234,2.0837203090270888e-07,2.142163084194474e-10,0.9999355700428187,2397
Ca20,0.4,0.3,simple,1.544462905072558e-06,0.6043211941056017,2.391320371264972e-07,,0.9996727301274132,2395
Ca20,0.4,0.3,linear,1.579516857510396e-06,0.5837328697480836,2.0985975199755695e-07,2.069176477054555e-10,0.999925662244572,2395
Ca20,0.4,0.4,simple,1.5470249638251062e-06,0.6071274060838499,2.4042457804962656e-07,,0.999651694476994,2393
Ca20,0.4,0.4,linear,1.5796078761914304e-06,0.5835790444969697,2.097053256942835e-07,2.0767953712716497e-10,0.9999156105171428,2393
Ca20,0.4,0.5,simple,1.5499524091498796e-06,0.6097932576325448,2.4159181693331284e-07,,0.9996371277224343,2391
Ca20,0.4,0.5,linear,1.579595204571313e-06,0.5837870372876364,2.0988925560595237e-07,2.068413659049748e-10,0.999905530866651,2391
Ca20,0.4,0.6,simple,1.5526186879026382e-06,0.6118922561361619,2.424629562852155e-07,,0.9996188683217232,2389
Ca20,0.4,0.6,linear,1.5795626504400727e-06,0.5833904452866799,2.0955083214838646e-07,2.0834493477968154e-10,0.9998962109088344,2389
Ca20,0.4,0.7,simple,1.5551379390048304e-06,0.6137055151469816,2.4319350322964005e-07,,0.9995996495686545,2387
Ca20,0.4,0.7,linear,1.5794151688429132e-06,0.5826788288390717,2.0896189615085427e-07,2.10899009873521e-10,0.9998878072692261,2387
Ca20,0.4,0.8,simple,1.5578835364059074e-06,0.6155342545726529,2.4390690038573917e-07,,0.999583706079076,2385
Ca20,0.4,0.8,linear,1.5792745166165686e-06,0.5822096617138531,2.0858224445894833e-07,2.1251437581680546e-10,0.9998795447007797,2385
Ca20,0.4,0.9,simple,1.560674754296259e-06,0.6172795854539881,2.445684084014648e-07,,0.9995687960822149,2383
Ca20,0.4,0.9,linear,1.5790959222692255e-06,0.5817542320143179,2.082220989742279e-07,2.1401752909638039e-10,0.9998714903368069,2383
Ca20,0.4,1.0,simple,1.563093508682282e-06,0.6187136436152881,2.45098078366149e-07,,0.9995509337854971,2381
Ca20,0.4,1.0,linear,1.5786360750344566e-06,0.5807987034757396,2.074828080375811e-07,2.1704228909272082e-10,0.999864345115991,2381
Ca20,0.4,2.0,simple,1.585017916066305e-06,0.6296224013918287,2.4875926056841425e-07,,0.9993761983408598,2361
Ca20,0.4,2.0,linear,1.567565249586989e-06,0.5668764994942999,1.9741577072677866e-07,2.546639987116273e-10,0.9998146833457008,2361
Ca20,0.4,3.0,simple,1.6110183465586601e-06,0.6400243510261654,2.517621336859432e-07,,0.9992302224292796,2341
Ca20,0.4,3.0,linear,1.5529946170043337e-06,0.5526793122693726,1.874919689411819e-07,2.8800728303682436e-10,0.9997817448276265,2341
Ca20,0.4,4.0,simple,1.6451147867789143e-06,0.6521616969491251,2.5493216898780045e-07,,0.9991219474131651,2321
Ca20,0.4,4.0,linear,1.5418419201786816e-06,0.5435310354302525,1.8129222946795597e-07,3.0687596749742205e-10,0.9997337526719788,2321
Ca20,0.4,5.0,simple,1.6819183060546794e-06,0.664040085772288,2.5776029745871876e-07,,0.9990199937427734,2301
Ca20,0.4,5.0,linear,1.5295216826058124e-06,0.5342743623244487,1.7511063875674378e-07,3.243590055833405e-10,0.999684182665849,2301
